,coordinates,elevation
0,"(44.9213758, -72.5163291)",904
1,"(44.9216314, -72.5164454)",904
2,"(44.9218278, -72.5165622)",904
3,"(44.9219875, -72.5166648)",904
4,"(44.9221473, -72.5168288)",938
5,"(44.9222997, -72.5170237)",938
6,"(44.9224522, -72.517198)",938
7,"(44.9225756, -72.517321)",938
8,"(44.9227208, -72.5174646)",938
9,"(44.922866, -72.5176184)",938
10,"(44.922926, -72.5176389)",889
11,"(44.9230072, -72.5176092)",889
12,"(44.9231194, -72.5175312)",889
0,"(44.9259879, -72.5225198)",999
1,"(44.9261041, -72.5221609)",999
2,"(44.9261912, -72.5216687)",999
3,"(44.9262928, -72.5210022)",999
4,"(44.9264526, -72.5201306)",931
5,"(44.9265832, -72.5192385)",931
6,"(44.9266776, -72.5186335)",861
7,"(44.9268446, -72.5176902)",861
8,"(44.9270261, -72.5166648)",792
9,"(44.927135, -72.515988)",811
10,"(44.9272656, -72.5151688)",811
0,"(44.9241492, -72.5261626)",1159
1,"(44.9242008, -72.5264543)",1159
2,"(44.9242704, -72.5267117)",1159
3,"(44.9242883, -72.5267778)",1159
4,"(44.9243288, -72.5270395)",1159
5,"(44.9243187, -72.5272821)",1117
6,"(44.9242863, -72.5274797)",1117
7,"(44.924322, -72.5277293)",1117
8,"(44.924386, -72.5280481)",1117
9,"(44.9244298, -72.5281908)",1117
10,"(44.9244635, -72.5283811)",1117
11,"(44.9244972, -72.5285286)",1117
12,"(44.9244366, -72.5287665)",1117
13,"(44.9243119, -72.5290376)",1117
14,"(44.9242311, -72.5292137)",1084
15,"(44.9241671, -72.5293849)",1084
16,"(44.9242917, -72.5296323)",1084
17,"(44.9244096, -72.5296704)",1084
18,"(44.9245477, -72.5296609)",1084
19,"(44.9246926, -72.5295229)",1084
20,"(44.9248475, -72.5293136)",1084
21,"(44.9249721, -72.5291518)",1117
22,"(44.925117, -72.5289282)",1043
23,"(44.9252551, -72.5286237)",1043
24,"(44.9254336, -72.5282622)",1043
25,"(44.9255279, -72.5280766)",1043
26,"(44.9256338, -72.5278813)",1043
27,"(44.9256863, -72.5277935)",1043
28,"(44.9258427, -72.527134)",1043
29,"(44.9259612, -72.5266232)",1047
30,"(44.9259807, -72.5265393)",1047
31,"(44.9261476, -72.5259241)",1047
32,"(44.9262711, -72.5255959)",1047
33,"(44.9264163, -72.5250525)",1047
34,"(44.9265034, -72.5246833)",1040
35,"(44.9265905, -72.5242014)",1040
36,"(44.926605, -72.5238938)",1040
37,"(44.926603, -72.5235972)",1040
38,"(44.9265308, -72.5233649)",1040
39,"(44.9263219, -72.5230222)",1040
40,"(44.9261622, -72.5227761)",999
41,"(44.9259879, -72.5225198)",999
0,"(44.9256863, -72.5277935)",1043
1,"(44.9256616, -72.5282841)",1043
2,"(44.9256722, -72.5285746)",1043
3,"(44.9257059, -72.5287951)",1043
4,"(44.9258002, -72.5289283)",1043
5,"(44.9261405, -72.5290673)",1043
6,"(44.9263901, -72.5291397)",1043
7,"(44.9266366, -72.5293453)",1024
8,"(44.9269277, -72.5295827)",1024
9,"(44.9272311, -72.5297159)",977
10,"(44.9275378, -72.5299747)",977
11,"(44.9277832, -72.530281)",977
12,"(44.9280944, -72.5306624)",977
13,"(44.9283586, -72.5310015)",977
14,"(44.9287522, -72.5312389)",977
15,"(44.9291581, -72.5315053)",940
16,"(44.9293467, -72.5316095)",919
17,"(44.9296377, -72.5315979)",919
18,"(44.9297689, -72.5315053)",919
19,"(44.929896, -72.5312447)",884
20,"(44.9299452, -72.5306366)",884
21,"(44.9300026, -72.5301097)",884
22,"(44.9301338, -72.529658)",884
23,"(44.930301, -72.5291963)",884
24,"(44.930609, -72.5286057)",868
25,"(44.9308502, -72.5281666)",868
26,"(44.9310708, -72.527815)",868
27,"(44.9312431, -72.5274526)",868
28,"(44.9313854, -72.5271911)",794
29,"(44.9316302, -72.5270521)",784
30,"(44.9318393, -72.5269189)",784
31,"(44.9319783, -72.5266678)",784
32,"(44.9320958, -72.5264825)",784
33,"(44.9322492, -72.5263977)",784
34,"(44.9324337, -72.5263804)",784
35,"(44.932651, -72.526334)",784
36,"(44.932856, -72.5262356)",784
37,"(44.9330814, -72.526085)",784
38,"(44.9332823, -72.5259518)",784
39,"(44.9335324, -72.5258013)",727
40,"(44.9337714, -72.5256354)",727
41,"(44.9338667, -72.5255657)",727
42,"(44.9342166, -72.5255262)",727
43,"(44.9345204, -72.5254538)",727
44,"(44.9347909, -72.5253206)",727
45,"(44.9350123, -72.5251817)",727
46,"(44.9352132, -72.5249211)",734
47,"(44.9354099, -72.5245794)",734
48,"(44.9355657, -72.5242957)",699
49,"(44.9357215, -72.5240698)",699
50,"(44.9359346, -72.5238266)",699
51,"(44.9361629, -72.5236707)",699
52,"(44.9363763, -72.5234328)",699
53,"(44.9365946, -72.5231722)",699
54,"(44.9367627, -72.5229232)",699
55,"(44.9369103, -72.5226221)",695
56,"(44.9370537, -72.5222283)",695
57,"(44.937189, -72.5218114)",695
58,"(44.9372628, -72.5214524)",695
59,"(44.9373338, -72.5210775)",695
60,"(44.9374259, -72.5207833)",686
61,"(44.9375797, -72.5204056)",653
62,"(44.9377196, -72.5199843)",653
63,"(44.9378654, -72.5196051)",653
64,"(44.9379843, -72.5192518)",653
65,"(44.9381646, -72.5188986)",653
66,"(44.938263, -72.518528)",643
67,"(44.9382958, -72.5181226)",643
68,"(44.9382917, -72.5178389)",643
69,"(44.9382548, -72.5175899)",643
70,"(44.9381769, -72.5173119)",643
71,"(44.9381072, -72.5169413)",643
72,"(44.9380581, -72.516617)",628
73,"(44.9379966, -72.5161943)",628
74,"(44.937931, -72.5158352)",628
75,"(44.9378859, -72.5155167)",628
76,"(44.9378531, -72.5151461)",628
0,"(44.9257059, -72.5287951)",1043
1,"(44.9257934, -72.5287596)",1043
2,"(44.9258737, -72.528654)",1043
3,"(44.9260011, -72.5283492)",1043
4,"(44.9261323, -72.5280365)",1043
5,"(44.926243, -72.5277296)",1043
6,"(44.9263496, -72.5274748)",1043
7,"(44.9264685, -72.5272085)",1043
8,"(44.9265134, -72.5271077)",1043
9,"(44.9266079, -72.5268957)",1047
10,"(44.9267389, -72.526653)",1047
11,"(44.926828, -72.5263671)",1047
12,"(44.9268681, -72.526299)",1047
13,"(44.926963, -72.5260254)",1047
14,"(44.9271263, -72.5257411)",965
15,"(44.9274989, -72.5251491)",965
16,"(44.9275517, -72.5250652)",965
17,"(44.9281328, -72.5241747)",986
18,"(44.9285005, -72.5236109)",986
19,"(44.9287101, -72.5232895)",986
20,"(44.9292152, -72.5224742)",926
21,"(44.9297298, -72.5216716)",926
0,"(44.9213758, -72.5163291)",904
1,"(44.9214503, -72.5161008)",904
2,"(44.9215083, -72.5158957)",904
3,"(44.92161, -72.5157214)",904
4,"(44.9217262, -72.5156701)",904
5,"(44.9219367, -72.5156291)",904
6,"(44.9220601, -72.5156907)",904
7,"(44.9222199, -72.5159162)",904
8,"(44.922336, -72.5160598)",904
9,"(44.9224221, -72.5160731)",904
10,"(44.9225153, -72.515947)",904
11,"(44.922646, -72.5157888)",904
12,"(44.9228073, -72.5154805)",904
0,"(44.9342137, -72.5159434)",697
1,"(44.9345047, -72.5155634)",697
2,"(44.9347754, -72.5153599)",697
3,"(44.9350924, -72.514938)",697
4,"(44.9353297, -72.5146028)",697
5,"(44.9355879, -72.5140351)",646
6,"(44.9359272, -72.5136222)",646
7,"(44.9363754, -72.5134484)",646
8,"(44.9368059, -72.5131132)",646
9,"(44.9372014, -72.5128526)",646
10,"(44.9375528, -72.5125298)",613
11,"(44.9379146, -72.5119554)",599
0,"(44.9319481, -72.5088513)",679
1,"(44.931841, -72.50857)",679
2,"(44.9317445, -72.5083413)",679
3,"(44.931604, -72.5079658)",650
4,"(44.931528, -72.5077136)",650
5,"(44.9314559, -72.507483)",650
6,"(44.9314141, -72.5073542)",650
0,"(44.9328077, -72.5148511)",747
1,"(44.9331504, -72.5149876)",747
2,"(44.9334398, -72.5151311)",697
3,"(44.9336601, -72.515298)",697
4,"(44.9338105, -72.5154619)",697
5,"(44.9339676, -72.5156331)",697
6,"(44.9342137, -72.5159434)",697
7,"(44.9344088, -72.5159915)",697
8,"(44.9347375, -72.5159631)",697
9,"(44.935129, -72.5158212)",697
10,"(44.9354643, -72.5157515)",660
11,"(44.9357699, -72.5158092)",660
12,"(44.935917, -72.515837)",660
13,"(44.9361915, -72.5157904)",660
14,"(44.936472, -72.5156207)",660
15,"(44.9369026, -72.5154469)",660
16,"(44.9372153, -72.515266)",660
17,"(44.93755, -72.5151785)",628
18,"(44.9378531, -72.5151461)",628
0,"(44.9201242, -72.5111357)",955
1,"(44.9200046, -72.5106333)",955
2,"(44.9199016, -72.5103712)",929
3,"(44.9198716, -72.5101762)",929
4,"(44.9199668, -72.5099772)",929
5,"(44.9201799, -72.5098675)",929
6,"(44.9204304, -72.5098179)",929
7,"(44.9206254, -72.5096749)",929
8,"(44.9207863, -72.5093716)",929
9,"(44.9209379, -72.5089871)",852
10,"(44.9210471, -72.5087559)",852
11,"(44.9213004, -72.5085235)",852
12,"(44.9214256, -72.5083325)",802
13,"(44.9215437, -72.5080391)",802
14,"(44.9217129, -72.507777)",802
15,"(44.9219039, -72.5076152)",802
16,"(44.9221127, -72.5074431)",802
17,"(44.9222418, -72.507368)",802
18,"(44.9224204, -72.5073841)",802
19,"(44.9226711, -72.5073787)",802
20,"(44.9230008, -72.5073377)",728
0,"(44.9309556, -72.520315)",907
1,"(44.9312966, -72.5200993)",841
2,"(44.9317322, -72.5200215)",841
3,"(44.9320305, -72.5200473)",841
4,"(44.9322297, -72.519922)",841
5,"(44.9323902, -72.5197455)",841
6,"(44.932484, -72.5194453)",841
7,"(44.9325273, -72.5193067)",841
8,"(44.9327863, -72.5188556)",841
0,"(44.9331504, -72.5149876)",747
1,"(44.933434, -72.5148934)",697
2,"(44.933767, -72.5146636)",697
3,"(44.9343144, -72.5142556)",678
4,"(44.9346425, -72.5139034)",678
5,"(44.9350753, -72.5134021)",678
6,"(44.9353726, -72.5129641)",678
7,"(44.935512, -72.5125484)",646
8,"(44.9357427, -72.5119521)",628
9,"(44.9364475, -72.5108224)",628
10,"(44.9371926, -72.5096748)",616
11,"(44.9377236, -72.5088147)",586
12,"(44.9380325, -72.5083201)",573
13,"(44.9383899, -72.5077357)",573
0,"(44.9201902, -72.5115923)",955
1,"(44.9201242, -72.5111357)",955
2,"(44.9202393, -72.5107522)",955
3,"(44.9204031, -72.5104901)",955
4,"(44.9207032, -72.5102666)",929
5,"(44.9208955, -72.5101218)",852
6,"(44.9210015, -72.5099391)",852
7,"(44.921309, -72.5093262)",852
8,"(44.9215219, -72.5088946)",852
9,"(44.9217729, -72.5085401)",852
10,"(44.9220294, -72.5082395)",802
11,"(44.9222048, -72.5081702)",802
12,"(44.9225056, -72.5080171)",802
13,"(44.9227831, -72.5077032)",802
14,"(44.9230008, -72.5073377)",728
15,"(44.9231864, -72.5072067)",728
0,"(44.9229076, -72.5139)",894
1,"(44.923093, -72.5140732)",794
2,"(44.9232497, -72.5144117)",794
3,"(44.9234241, -72.5146139)",827
4,"(44.9237257, -72.5147175)",827
5,"(44.9239804, -72.514881)",827
6,"(44.924266, -72.5150118)",827
7,"(44.92446, -72.5151356)",827
8,"(44.9245398, -72.515141)",827
9,"(44.9246196, -72.515082)",827
10,"(44.9246442, -72.5148483)",827
11,"(44.9245474, -72.5146582)",827
12,"(44.9243993, -72.5143953)",794
13,"(44.9243195, -72.5141915)",794
14,"(44.9243081, -72.5140037)",794
15,"(44.9243803, -72.5136604)",794
16,"(44.9244866, -72.5132259)",794
17,"(44.9244828, -72.5129362)",794
18,"(44.9244752, -72.5122925)",775
19,"(44.924479, -72.5118848)",775
20,"(44.9245626, -72.5115093)",775
21,"(44.9247487, -72.511166)",775
22,"(44.9249268, -72.5109262)",775
23,"(44.9252007, -72.5107422)",702
24,"(44.9253602, -72.5105169)",702
25,"(44.9255691, -72.5100984)",693
26,"(44.9257818, -72.5097766)",693
27,"(44.9259413, -72.5096371)",693
28,"(44.9263895, -72.5093474)",693
0,"(44.926828, -72.5263671)",1047
1,"(44.9269672, -72.5264672)",1047
2,"(44.9270355, -72.5265772)",1047
3,"(44.9271298, -72.5267336)",965
4,"(44.9272364, -72.5269189)",965
5,"(44.9273266, -72.5271158)",969
6,"(44.9274496, -72.527249)",969
7,"(44.927542, -72.5273303)",969
8,"(44.9276867, -72.5272402)",969
9,"(44.9278424, -72.5270771)",965
10,"(44.9280482, -72.5269942)",965
11,"(44.9283065, -72.526971)",965
12,"(44.9285812, -72.5269479)",965
13,"(44.9287739, -72.5269015)",965
14,"(44.9289461, -72.5267799)",965
15,"(44.9291716, -72.5264846)",852
16,"(44.929352, -72.5262472)",852
17,"(44.9294613, -72.5261381)",852
18,"(44.9296073, -72.5261088)",852
19,"(44.9299423, -72.5262472)",852
20,"(44.9301316, -72.526237)",852
21,"(44.9303564, -72.5261487)",852
22,"(44.9305473, -72.526075)",852
23,"(44.9307256, -72.526123)",852
24,"(44.9309099, -72.5262472)",852
25,"(44.9310492, -72.5264093)",852
26,"(44.9311558, -72.5266699)",852
27,"(44.9312545, -72.5269111)",784
28,"(44.9313854, -72.5271911)",794
0,"(44.9208724, -72.5126714)",894
1,"(44.9210198, -72.5123862)",888
2,"(44.9211726, -72.5120856)",888
3,"(44.9213527, -72.511916)",888
4,"(44.9214727, -72.5119006)",888
5,"(44.9215819, -72.5120393)",888
6,"(44.9216474, -72.5121935)",888
7,"(44.9216801, -72.5123785)",888
8,"(44.9217347, -72.5126405)",894
9,"(44.9217784, -72.5128332)",894
0,"(44.920403, -72.512965)",943
1,"(44.9205995, -72.5128718)",943
2,"(44.9206978, -72.5128024)",943
3,"(44.9208069, -72.5126791)",943
4,"(44.9208724, -72.5126714)",894
5,"(44.9210252, -72.5127638)",894
6,"(44.9212162, -72.5128332)",894
7,"(44.9213691, -72.5128409)",894
8,"(44.9215983, -72.512864)",894
9,"(44.9217784, -72.5128332)",894
10,"(44.9219694, -72.5126868)",894
11,"(44.9220671, -72.5124073)",888
12,"(44.9221004, -72.5121472)",888
13,"(44.9221386, -72.5117619)",888
14,"(44.9222313, -72.511546)",888
15,"(44.9223569, -72.511284)",888
16,"(44.9224809, -72.5111528)",888
17,"(44.9226194, -72.5108291)",888
18,"(44.9227706, -72.5107183)",888
19,"(44.9229744, -72.5105764)",775
20,"(44.9231683, -72.5103243)",768
21,"(44.9233221, -72.510052)",768
22,"(44.9235196, -72.5097645)",768
23,"(44.9236966, -72.5096063)",768
24,"(44.9238575, -72.5095872)",768
25,"(44.9240764, -72.5096478)",768
0,"(44.9338667, -72.5255657)",727
1,"(44.9339728, -72.5252374)",727
2,"(44.9343116, -72.524853)",734
3,"(44.934754, -72.5243246)",734
4,"(44.9350322, -72.5239193)",734
5,"(44.9353339, -72.5233773)",734
6,"(44.9356244, -72.5226936)",695
7,"(44.9358989, -72.5220761)",695
8,"(44.9361019, -72.521534)",695
9,"(44.9362305, -72.5210242)",695
10,"(44.9364635, -72.5205258)",686
11,"(44.9367627, -72.5201262)",686
12,"(44.9369827, -72.5195465)",686
13,"(44.9371424, -72.518839)",686
14,"(44.9374227, -72.5181284)",679
15,"(44.9375334, -72.5174856)",643
16,"(44.9376385, -72.5166835)",643
17,"(44.9377465, -72.5161479)",628
18,"(44.9378367, -72.5157889)",628
19,"(44.9378859, -72.5155167)",628
0,"(44.9306001, -72.5149007)",817
1,"(44.9307864, -72.5145532)",772
2,"(44.9309622, -72.5141435)",772
3,"(44.9311731, -72.5136594)",772
4,"(44.9313225, -72.5132622)",736
5,"(44.9313577, -72.5127905)",736
6,"(44.9312698, -72.5125422)",736
7,"(44.931094, -72.5125174)",772
8,"(44.9308655, -72.5124305)",714
9,"(44.930445, -72.512179)",714
0,"(44.9259151, -72.5162164)",792
1,"(44.9260419, -72.51586)",792
2,"(44.9260281, -72.5156286)",792
3,"(44.9260086, -72.5150208)",792
4,"(44.926061, -72.5143466)",742
5,"(44.926083, -72.513643)",742
6,"(44.9261631, -72.5131755)",742
7,"(44.926225, -72.5127823)",742
8,"(44.9263289, -72.512635)",742
9,"(44.9266988, -72.5123467)",702
10,"(44.9270241, -72.5119954)",702
11,"(44.9272537, -72.5117612)",696
12,"(44.9274438, -72.5115892)",696
13,"(44.9274773, -72.5114393)",696
14,"(44.9273732, -72.5111796)",696
15,"(44.9272845, -72.5109243)",696
16,"(44.9273578, -72.5106995)",696
17,"(44.9275152, -72.5104839)",696
18,"(44.9276173, -72.5100676)",661
0,"(44.9231864, -72.5072067)",728
1,"(44.923623, -72.5067982)",728
2,"(44.9238734, -72.5065408)",728
3,"(44.9241687, -72.5062047)",698
4,"(44.9244525, -72.5058655)",698
5,"(44.9247963, -72.5054801)",698
6,"(44.925031, -72.5052412)",650
7,"(44.9255167, -72.5047402)",650
8,"(44.925915, -72.5042778)",650
9,"(44.9261934, -72.5040619)",620
10,"(44.9265372, -72.5038693)",620
11,"(44.9269082, -72.5038307)",620
12,"(44.9272748, -72.5038215)",601
13,"(44.9275656, -72.5038374)",601
0,"(44.9202339, -72.5119237)",955
1,"(44.920283, -72.5121704)",955
2,"(44.9202978, -72.5125581)",943
3,"(44.920403, -72.512965)",943
4,"(44.9204467, -72.5131338)",943
5,"(44.9205286, -72.5135192)",943
6,"(44.920539, -72.5137884)",943
7,"(44.9204919, -72.5141137)",943
8,"(44.920433, -72.5144466)",943
9,"(44.9204541, -72.5147515)",922
10,"(44.9205671, -72.5152)",922
11,"(44.9207082, -72.5154857)",922
12,"(44.9208888, -72.5157929)",904
13,"(44.9211016, -72.5160704)",904
14,"(44.9213758, -72.5163291)",904
0,"(44.9273677, -72.5222904)",1020
1,"(44.9271489, -72.5224227)",1020
2,"(44.9269256, -72.5225053)",999
3,"(44.926735, -72.5225224)",999
4,"(44.9264186, -72.5225224)",999
5,"(44.9259879, -72.5225198)",999
0,"(44.9233179, -72.5250603)",1159
1,"(44.9233485, -72.5252459)",1159
2,"(44.9234631, -72.5256123)",1159
3,"(44.9235944, -72.5260595)",1159
4,"(44.9236561, -72.5264557)",1159
5,"(44.9236888, -72.5267731)",1159
6,"(44.9237393, -72.5271394)",1117
7,"(44.9237797, -72.5275771)",1117
8,"(44.9238302, -72.527972)",1117
9,"(44.9238909, -72.5283288)",1117
10,"(44.923965, -72.528638)",1117
11,"(44.9240424, -72.5289472)",1117
12,"(44.9240963, -72.5291851)",1084
13,"(44.9241671, -72.5293849)",1084
0,"(44.9307952, -72.5209708)",926
1,"(44.9308921, -72.520948)",926
2,"(44.9309603, -72.5209724)",926
3,"(44.9310663, -72.5210885)",926
4,"(44.9312182, -72.5211811)",926
5,"(44.9313135, -72.5211663)",828
6,"(44.931455, -72.5210539)",828
7,"(44.9315668, -72.5210824)",828
8,"(44.9316542, -72.5211583)",828
9,"(44.9317588, -72.5211604)",828
10,"(44.9318492, -72.5210381)",828
11,"(44.9318746, -72.5208485)",828
12,"(44.931964, -72.5207101)",841
13,"(44.9321134, -72.5206977)",841
14,"(44.9322675, -72.5207465)",841
15,"(44.932385, -72.5208608)",828
16,"(44.9324913, -72.5210577)",828
17,"(44.9325792, -72.5212687)",828
18,"(44.9326846, -72.5216039)",828
19,"(44.932711, -72.5218894)",828
20,"(44.9327813, -72.5221997)",828
21,"(44.932834, -72.5223859)",828
22,"(44.9329834, -72.5226217)",828
23,"(44.9331592, -72.5227211)",828
24,"(44.9333789, -72.5227335)",737
25,"(44.9336601, -72.5227086)",737
26,"(44.9339829, -72.5226646)",737
27,"(44.9342749, -72.5226426)",737
28,"(44.9345212, -72.5225597)",737
29,"(44.9346834, -72.522383)",737
30,"(44.9348915, -72.5221298)",737
31,"(44.9350924, -72.5220135)",737
32,"(44.9353124, -72.5219592)",737
33,"(44.9355133, -72.5218838)",695
34,"(44.9357515, -72.5217901)",695
35,"(44.935936, -72.5216783)",695
36,"(44.9361019, -72.521534)",695
37,"(44.9364553, -72.5212381)",695
38,"(44.9367627, -72.5210702)",695
39,"(44.9370598, -72.520897)",695
40,"(44.9374259, -72.5207833)",686
0,"(44.9276193, -72.5075343)",638
1,"(44.9276463, -72.5069457)",638
2,"(44.9276617, -72.5063244)",638
3,"(44.9276658, -72.5059653)",620
4,"(44.9276694, -72.5056485)",620
5,"(44.9276694, -72.5051362)",620
6,"(44.927708, -72.5043514)",620
0,"(44.9328077, -72.5148511)",747
1,"(44.9327548, -72.5142857)",736
2,"(44.9327461, -72.5141932)",736
3,"(44.9327725, -72.5137463)",736
4,"(44.932878, -72.5131629)",736
5,"(44.9329239, -72.5129362)",736
6,"(44.9329043, -72.5126415)",736
7,"(44.932852, -72.5123254)",707
8,"(44.9328077, -72.5120581)",707
9,"(44.9327022, -72.5115616)",707
10,"(44.9326112, -72.511231)",707
11,"(44.9325792, -72.5111147)",707
12,"(44.9324737, -72.5105313)",707
13,"(44.9324122, -72.5098982)",679
14,"(44.932298, -72.5094513)",679
15,"(44.9321134, -72.5090541)",679
16,"(44.9319481, -72.5088513)",679
0,"(44.9257059, -72.5287951)",1043
1,"(44.9256684, -72.5290767)",1043
2,"(44.9256884, -72.5292349)",1024
3,"(44.9258617, -72.5293337)",1024
4,"(44.9260954, -72.5295016)",1024
5,"(44.926489, -72.5297622)",1024
6,"(44.9268457, -72.5300575)",1024
7,"(44.9271655, -72.530266)",977
8,"(44.9274279, -72.5304803)",977
9,"(44.9276452, -72.5306193)",977
10,"(44.927883, -72.5307698)",977
11,"(44.9279978, -72.5308335)",977
12,"(44.9283586, -72.5310015)",977
0,"(44.9272656, -72.5151688)",811
1,"(44.9273391, -72.5147482)",811
2,"(44.9274399, -72.5141526)",753
3,"(44.9275561, -72.5136296)",753
4,"(44.9276359, -72.5129323)",753
5,"(44.9277376, -72.5125222)",753
6,"(44.9278392, -72.5119685)",696
7,"(44.92789, -72.5115993)",696
8,"(44.9279844, -72.5111071)",696
9,"(44.928086, -72.5105944)",696
10,"(44.9281586, -72.510133)",661
11,"(44.928282, -72.5095793)",661
12,"(44.9283909, -72.5089026)",661
13,"(44.9285071, -72.508195)",638
14,"(44.9285797, -72.5077951)",638
15,"(44.9287176, -72.5071389)",638
16,"(44.9288483, -72.5065236)",638
0,"(44.930445, -72.512179)",714
1,"(44.9304127, -72.5118534)",714
2,"(44.9303709, -72.5113811)",714
3,"(44.9303327, -72.5109315)",714
4,"(44.9304015, -72.5106142)",714
5,"(44.9304628, -72.510121)",685
6,"(44.9304588, -72.5095456)",685
7,"(44.9303455, -72.5091412)",685
8,"(44.9301713, -72.5087314)",685
9,"(44.9301273, -72.5084086)",685
10,"(44.9301713, -72.5080238)",652
11,"(44.9303207, -72.507639)",652
12,"(44.9304548, -72.5071284)",652
13,"(44.9305467, -72.5066373)",652
14,"(44.9305521, -72.5063347)",652
15,"(44.9305673, -72.5060732)",630
16,"(44.930592, -72.5058184)",630
0,"(44.9251167, -72.5166545)",792
1,"(44.9253781, -72.5165315)",792
2,"(44.9256428, -72.5163821)",792
3,"(44.9259151, -72.5162164)",792
4,"(44.9262057, -72.5159983)",792
5,"(44.9265397, -72.5157727)",792
6,"(44.9268137, -72.515527)",792
7,"(44.9271262, -72.5153064)",811
8,"(44.9272656, -72.5151688)",811
9,"(44.9273802, -72.5150697)",811
10,"(44.9277133, -72.5149087)",811
11,"(44.9280686, -72.5148148)",811
12,"(44.9284054, -72.5146755)",811
13,"(44.9288773, -72.5144704)",753
14,"(44.9290149, -72.5143642)",753
15,"(44.9292621, -72.5141115)",772
16,"(44.9295307, -72.5138655)",772
17,"(44.9297557, -72.5136399)",772
18,"(44.9299372, -72.5133733)",772
19,"(44.9301768, -72.5130656)",772
20,"(44.9303327, -72.5128322)",772
21,"(44.9304017, -72.5126278)",772
22,"(44.9304358, -72.512414)",714
23,"(44.930445, -72.512179)",714
0,"(44.9222418, -72.507368)",802
1,"(44.9223064, -72.5069924)",802
2,"(44.9224166, -72.5066706)",802
3,"(44.9225381, -72.5063916)",802
4,"(44.9225875, -72.5062361)",763
5,"(44.9225837, -72.5060161)",763
6,"(44.9225799, -72.5057747)",763
7,"(44.9226407, -72.5055601)",763
8,"(44.9227888, -72.5053509)",763
9,"(44.9229354, -72.5052181)",698
10,"(44.9231356, -72.5052265)",698
11,"(44.9233832, -72.50519)",698
12,"(44.9237002, -72.5049129)",698
13,"(44.9240318, -72.5047772)",698
14,"(44.9243263, -72.5045554)",698
15,"(44.9245552, -72.5042483)",698
16,"(44.9248647, -72.5039484)",677
17,"(44.9250473, -72.5036766)",620
18,"(44.9252305, -72.5033653)",620
19,"(44.9254443, -72.5031918)",620
20,"(44.9257685, -72.503045)",620
21,"(44.9260072, -72.5030319)",620
22,"(44.9262522, -72.5031405)",620
23,"(44.9265638, -72.5033556)",620
24,"(44.9268954, -72.5034632)",620
25,"(44.9272496, -72.5036298)",601
26,"(44.9275656, -72.5038374)",601
0,"(44.9202175, -72.5118158)",955
1,"(44.9201902, -72.5115923)",955
2,"(44.9203356, -72.5113084)",955
3,"(44.9205941, -72.5110373)",955
4,"(44.9209597, -72.5106443)",888
5,"(44.9213581, -72.5102203)",852
6,"(44.921762, -72.509781)",852
7,"(44.9221877, -72.5093494)",852
8,"(44.9226952, -72.508779)",852
9,"(44.9230609, -72.5083011)",728
10,"(44.923361, -72.5080005)",728
0,"(44.923361, -72.5080005)",728
1,"(44.9237049, -72.5076691)",728
2,"(44.9239996, -72.5073993)",728
3,"(44.9243052, -72.5070294)",728
4,"(44.9246544, -72.506644)",728
5,"(44.9248945, -72.5063742)",728
6,"(44.9252111, -72.5059657)",650
7,"(44.9255058, -72.5056035)",650
8,"(44.9257841, -72.5053414)",650
9,"(44.9261388, -72.5049483)",650
10,"(44.9264007, -72.5046246)",650
11,"(44.926619, -72.5044396)",650
12,"(44.9267664, -72.5042855)",650
13,"(44.9270504, -72.5040849)",620
14,"(44.9275656, -72.5038374)",601
0,"(44.9378531, -72.5151461)",628
1,"(44.9378531, -72.5147871)",628
2,"(44.937849, -72.5142833)",613
3,"(44.9378326, -72.5138837)",613
4,"(44.9377834, -72.5135421)",613
5,"(44.9377383, -72.513183)",613
6,"(44.9377588, -72.5127777)",613
7,"(44.9378736, -72.5122739)",599
8,"(44.9379146, -72.5119554)",599
9,"(44.9379433, -72.5117064)",599
10,"(44.9379843, -72.5112083)",599
11,"(44.9380089, -72.5108319)",599
12,"(44.938054, -72.5103513)",586
13,"(44.9381277, -72.5098243)",586
14,"(44.9381892, -72.5093263)",586
15,"(44.9382384, -72.5089962)",586
16,"(44.9382712, -72.5087241)",586
17,"(44.9383204, -72.5081218)",573
18,"(44.9383573, -72.507896)",573
19,"(44.9383899, -72.5077357)",573
20,"(44.9386763, -72.5070782)",573
0,"(44.926605, -72.5238938)",1040
1,"(44.926902, -72.5235776)",1040
2,"(44.9271393, -72.5233665)",986
3,"(44.9274117, -72.5230686)",986
4,"(44.9276314, -72.5228576)",1020
5,"(44.9278951, -72.5226962)",1020
6,"(44.9280561, -72.5226606)",1020
7,"(44.9284818, -72.5226236)",1020
8,"(44.9288091, -72.5224355)",1020
9,"(44.9293188, -72.5220507)",926
10,"(44.9297298, -72.5216716)",926
11,"(44.929955, -72.5214023)",926
12,"(44.930137, -72.5214023)",926
13,"(44.9303113, -72.5214753)",926
14,"(44.9305059, -72.5213275)",926
15,"(44.9307952, -72.5209708)",926
16,"(44.9309534, -72.5204618)",907
17,"(44.9309556, -72.520315)",907
18,"(44.9309584, -72.5201218)",907
19,"(44.9309125, -72.5199892)",907
20,"(44.9307601, -72.5196053)",907
21,"(44.9305896, -72.5192087)",907
22,"(44.9305574, -72.5191337)",907
23,"(44.9304045, -72.5186236)",852
24,"(44.9303383, -72.5181778)",852
25,"(44.9302921, -72.5178058)",852
26,"(44.9302855, -72.5175447)",852
27,"(44.9302879, -72.5174661)",852
28,"(44.9303031, -72.5169737)",852
29,"(44.930323, -72.5163402)",817
30,"(44.9303935, -72.5158107)",817
31,"(44.9304789, -72.5152855)",817
32,"(44.9306001, -72.5149007)",817
0,"(44.9273677, -72.5222904)",1020
1,"(44.9272866, -72.5227963)",1020
2,"(44.9273045, -72.5229792)",986
3,"(44.9274117, -72.5230686)",986
0,"(44.9239333, -72.5200486)",939
1,"(44.9238538, -72.519763)",939
2,"(44.9238926, -72.5195662)",939
3,"(44.9240074, -72.5194221)",939
4,"(44.9242084, -72.5193891)",939
5,"(44.9243096, -72.5192571)",939
6,"(44.9243474, -72.5190519)",939
7,"(44.9244312, -72.5188017)",939
8,"(44.9246325, -72.5187554)",939
9,"(44.9247299, -72.5186217)",889
10,"(44.9246889, -72.5183234)",889
11,"(44.9246218, -72.5180482)",889
12,"(44.9246249, -72.5177505)",889
13,"(44.9247026, -72.5174492)",889
14,"(44.9248812, -72.5170979)",889
15,"(44.9250343, -72.5169357)",861
16,"(44.9251167, -72.5166545)",792
0,"(44.9241492, -72.5261626)",1159
1,"(44.9240113, -72.5258858)",1159
2,"(44.923837, -72.5256807)",1159
3,"(44.9236337, -72.5253936)",1159
4,"(44.923519, -72.5252191)",1159
5,"(44.9234089, -72.5251116)",1159
6,"(44.9233179, -72.5250603)",1159
7,"(44.9231979, -72.5250265)",1159
8,"(44.9229457, -72.5249482)",1080
9,"(44.9227018, -72.5247803)",1098
10,"(44.922559, -72.5246457)",1098
11,"(44.9223693, -72.5243064)",1098
12,"(44.9222037, -72.5240449)",1098
13,"(44.9220823, -72.5238968)",1098
14,"(44.9220074, -72.5236914)",1098
15,"(44.9219967, -72.5234735)",1098
16,"(44.9220341, -72.523221)",1098
17,"(44.9220392, -72.5230365)",1098
18,"(44.9219798, -72.5228316)",1046
19,"(44.9218913, -72.5226148)",1046
20,"(44.9217896, -72.5224199)",1046
21,"(44.9217134, -72.5222625)",1046
22,"(44.9216952, -72.5222251)",1046
23,"(44.9216444, -72.5220303)",1046
24,"(44.9215472, -72.5217961)",1046
25,"(44.9213887, -72.5216277)",1046
26,"(44.9212269, -72.5214319)",1046
27,"(44.9211767, -72.5212135)",1046
28,"(44.9212169, -72.5208266)",981
29,"(44.9212741, -72.5204922)",981
30,"(44.9213104, -72.5202769)",981
31,"(44.9212562, -72.5201021)",981
32,"(44.9211623, -72.5200232)",981
33,"(44.921049, -72.5198872)",981
34,"(44.9209837, -72.5197231)",981
35,"(44.9209798, -72.5194135)",981
36,"(44.9209692, -72.5191387)",981
37,"(44.9209692, -72.5187695)",981
38,"(44.9210024, -72.5183575)",938
39,"(44.9210746, -72.517943)",938
40,"(44.9211071, -72.5175288)",938
41,"(44.9211579, -72.5171904)",938
42,"(44.9212233, -72.5168418)",938
43,"(44.9213099, -72.5165679)",904
44,"(44.9213758, -72.5163291)",904
0,"(44.927542, -72.5273303)",969
1,"(44.9275099, -72.5276894)",969
0,"(44.9265134, -72.5271077)",1043
1,"(44.9266735, -72.5271563)",1043
2,"(44.9268539, -72.5272316)",1043
3,"(44.9269687, -72.5273706)",1043
4,"(44.9270671, -72.5275327)",1043
5,"(44.9272352, -72.5276138)",969
6,"(44.9273746, -72.527637)",969
7,"(44.9275099, -72.5276894)",969
8,"(44.9276165, -72.5278802)",969
9,"(44.9277231, -72.5280945)",969
10,"(44.9278133, -72.5283261)",969
11,"(44.9279117, -72.5285693)",969
12,"(44.9280224, -72.5288994)",969
13,"(44.9281249, -72.5291368)",969
14,"(44.9282028, -72.5294611)",977
15,"(44.9283258, -72.5297043)",977
16,"(44.9284488, -72.5299128)",977
17,"(44.9286005, -72.5300575)",977
18,"(44.9287809, -72.530266)",977
19,"(44.9288332, -72.5303655)",977
20,"(44.9288752, -72.5304455)",977
21,"(44.9289695, -72.5307756)",977
22,"(44.9290761, -72.5311578)",977
23,"(44.9291581, -72.5315053)",940
0,"(44.9307466, -72.5052088)",630
1,"(44.9305553, -72.5042744)",630
0,"(44.9263895, -72.5093474)",693
1,"(44.9267433, -72.5088532)",693
2,"(44.9270585, -72.5084926)",693
3,"(44.9273524, -72.5080122)",638
4,"(44.9276193, -72.5075343)",638
5,"(44.9278214, -72.5072231)",638
6,"(44.9280796, -72.5069495)",638
7,"(44.9283075, -72.5066599)",638
8,"(44.928448, -72.5064238)",638
9,"(44.9286265, -72.5059893)",620
10,"(44.928853, -72.5052227)",620
0,"(44.9321965, -72.5082638)",650
1,"(44.9325041, -72.5077488)",650
2,"(44.9325643, -72.5076368)",650
3,"(44.9330662, -72.5067028)",650
4,"(44.9339434, -72.505013)",607
5,"(44.9347675, -72.5034037)",590
6,"(44.9353219, -72.5022664)",590
7,"(44.9358118, -72.5013062)",562
0,"(44.9293678, -72.5122298)",714
1,"(44.9294622, -72.511433)",714
2,"(44.9294283, -72.510254)",685
3,"(44.9293183, -72.5091508)",685
4,"(44.9292812, -72.5087346)",685
5,"(44.9292372, -72.5082416)",652
6,"(44.9293195, -72.5074345)",652
7,"(44.9292995, -72.5068682)",652
8,"(44.9292561, -72.5060257)",630
9,"(44.9292463, -72.5057127)",630
0,"(44.9298491, -72.5123749)",714
1,"(44.929755, -72.5123597)",714
2,"(44.929471, -72.5122807)",714
3,"(44.9293678, -72.5122298)",714
4,"(44.9292228, -72.5121584)",714
5,"(44.9289038, -72.5119277)",696
6,"(44.9287063, -72.5116917)",696
7,"(44.9285244, -72.5114894)",696
8,"(44.9283683, -72.5113323)",696
9,"(44.9281252, -72.5111338)",696
10,"(44.9279353, -72.5108817)",696
11,"(44.9278176, -72.5106134)",696
12,"(44.9277378, -72.5102862)",661
13,"(44.9276173, -72.5100676)",661
14,"(44.9275856, -72.5096299)",661
15,"(44.9275919, -72.5091434)",661
16,"(44.9276175, -72.508729)",661
17,"(44.9276749, -72.5083507)",661
18,"(44.9277769, -72.5081525)",638
19,"(44.9279045, -72.5079453)",638
20,"(44.9280958, -72.5077651)",638
21,"(44.928268, -72.5074769)",638
22,"(44.9284593, -72.5070625)",638
23,"(44.9286252, -72.5067652)",638
24,"(44.9288483, -72.5065236)",638
25,"(44.9289213, -72.5061094)",620
26,"(44.9290606, -72.5054426)",620
0,"(44.9303327, -72.5109315)",714
1,"(44.9301723, -72.5108602)",714
2,"(44.9300697, -72.510769)",714
3,"(44.9299558, -72.510592)",714
4,"(44.9299216, -72.5103774)",685
5,"(44.9299026, -72.5101253)",685
6,"(44.9298912, -72.5098892)",685
7,"(44.9298381, -72.5096693)",685
8,"(44.9297355, -72.5094172)",685
9,"(44.9295874, -72.5091221)",685
10,"(44.9294963, -72.5089934)",685
11,"(44.9292812, -72.5087346)",685
0,"(44.9304127, -72.5118534)",714
1,"(44.9304889, -72.5115993)",714
2,"(44.9306269, -72.5113122)",714
3,"(44.9308882, -72.5107278)",714
4,"(44.9310915, -72.5103381)",685
5,"(44.9312947, -72.509969)",679
6,"(44.9315488, -72.5095178)",679
7,"(44.9317521, -72.5091384)",679
8,"(44.9319481, -72.5088513)",679
9,"(44.9321078, -72.5086667)",679
10,"(44.9324852, -72.5083796)",679
11,"(44.9329789, -72.508072)",650
12,"(44.9331676, -72.5079387)",650
13,"(44.9332677, -72.5078447)",650
14,"(44.9333441, -72.5077338)",626
15,"(44.9334379, -72.5075458)",626
16,"(44.9335077, -72.5074349)",626
17,"(44.9335918, -72.5073405)",626
0,"(44.9325643, -72.5076368)",650
1,"(44.9324433, -72.5072607)",650
2,"(44.9322079, -72.5067779)",650
3,"(44.9319838, -72.5063809)",650
4,"(44.9318433, -72.5060269)",634
5,"(44.9317901, -72.5057855)",634
6,"(44.9317787, -72.5055923)",634
7,"(44.9317863, -72.5053939)",634
8,"(44.9318547, -72.5052222)",634
9,"(44.931961, -72.5050774)",634
10,"(44.9321661, -72.5049271)",634
11,"(44.9322876, -72.5048199)",634
12,"(44.9323142, -72.5047394)",634
13,"(44.9323294, -72.5046106)",634
14,"(44.9322876, -72.5043692)",634
15,"(44.9322193, -72.5040635)",614
16,"(44.9322041, -72.5038864)",614
17,"(44.9322307, -72.5037255)",614
18,"(44.9323104, -72.5035324)",614
19,"(44.9323677, -72.5034471)",614
20,"(44.932438, -72.5033536)",614
0,"(44.9203692, -72.512035)",955
1,"(44.9205705, -72.5117668)",955
2,"(44.9209276, -72.511402)",888
3,"(44.9215239, -72.510769)",888
4,"(44.9220481, -72.5102165)",852
5,"(44.9226217, -72.5096264)",852
6,"(44.9232522, -72.5089719)",768
7,"(44.9236092, -72.5086286)",768
0,"(44.9250947, -72.509971)",693
1,"(44.9252501, -72.5096961)",693
2,"(44.9253678, -72.5093742)",693
3,"(44.9254628, -72.5090524)",693
4,"(44.9255425, -72.5087305)",693
5,"(44.9256565, -72.5085052)",693
6,"(44.9257286, -72.5083336)",693
7,"(44.9257438, -72.5081994)",678
8,"(44.9257172, -72.5080171)",678
9,"(44.9256944, -72.5077596)",678
10,"(44.9257172, -72.5076201)",678
11,"(44.925835, -72.507427)",678
12,"(44.9261046, -72.5070675)",678
13,"(44.9264009, -72.5066169)",678
14,"(44.9266288, -72.5062039)",650
15,"(44.9267655, -72.5059518)",650
16,"(44.9269136, -72.5057747)",650
17,"(44.9269934, -72.5057318)",650
18,"(44.9271871, -72.5058069)",620
19,"(44.9274264, -72.5059571)",620
20,"(44.9276658, -72.5059653)",620
0,"(44.9241714, -72.5093474)",768
1,"(44.924612, -72.5088163)",768
2,"(44.9250678, -72.5081512)",678
3,"(44.9255577, -72.5073089)",678
4,"(44.9258844, -72.506515)",678
0,"(44.9236092, -72.5086286)",768
1,"(44.9237498, -72.5088217)",768
2,"(44.9239093, -72.5090738)",768
3,"(44.9240194, -72.5093903)",768
4,"(44.9240764, -72.5096478)",768
5,"(44.92416, -72.5098356)",768
6,"(44.9242321, -72.5098785)",768
7,"(44.9244107, -72.5099214)",768
8,"(44.9247031, -72.5099536)",768
9,"(44.9250947, -72.509971)",693
0,"(44.9236092, -72.5086286)",768
1,"(44.9239587, -72.5082585)",728
2,"(44.9244297, -72.5077327)",728
3,"(44.9248247, -72.5073089)",728
4,"(44.9254134, -72.5066974)",678
5,"(44.9260211, -72.5060215)",650
6,"(44.9265072, -72.5054958)",650
7,"(44.9268956, -72.5050001)",650
8,"(44.9271947, -72.5045355)",620
9,"(44.9273694, -72.5041761)",620
10,"(44.9275656, -72.5038374)",601
0,"(44.9197311, -72.5099697)",929
1,"(44.9196741, -72.5094011)",929
2,"(44.9197273, -72.5091597)",929
3,"(44.9198678, -72.5087842)",929
4,"(44.9202363, -72.5082585)",852
5,"(44.9207719, -72.5075396)",852
6,"(44.921353, -72.5068422)",802
7,"(44.9219874, -72.5061234)",763
8,"(44.9224394, -72.505705)",763
0,"(44.9206161, -72.514122)",943
1,"(44.9210491, -72.5141113)",894
2,"(44.9216037, -72.5140898)",894
3,"(44.9221051, -72.5139075)",894
4,"(44.92269, -72.5135641)",894
0,"(44.9228952, -72.5158976)",904
1,"(44.9231492, -72.5161418)",827
2,"(44.9233815, -72.5163264)",827
3,"(44.9236574, -72.5164597)",827
4,"(44.9240132, -72.516675)",889
5,"(44.9243036, -72.5167981)",889
6,"(44.9245141, -72.5168288)",889
7,"(44.9248481, -72.5167878)",889
8,"(44.9251167, -72.5166545)",792
9,"(44.9251458, -72.5162218)",792
10,"(44.9250841, -72.5158512)",792
11,"(44.9249606, -72.5154587)",827
12,"(44.9248195, -72.5151909)",827
13,"(44.9247075, -72.5150361)",827
14,"(44.9246442, -72.5148483)",827
15,"(44.9246291, -72.5143261)",794
16,"(44.924691, -72.5139675)",794
17,"(44.9248834, -72.5134749)",794
18,"(44.9250841, -72.5128972)",742
19,"(44.9252307, -72.5121124)",702
20,"(44.9253928, -72.5116982)",702
21,"(44.9256089, -72.5112622)",702
22,"(44.9259099, -72.5106517)",702
23,"(44.92617, -72.5100625)",693
24,"(44.9263895, -72.5093474)",693
0,"(44.9259879, -72.5225198)",999
1,"(44.9255451, -72.5221711)",999
2,"(44.9254391, -72.5220813)",999
3,"(44.9251821, -72.5218635)",999
4,"(44.9249497, -72.5215969)",1008
5,"(44.9247682, -72.5212688)",1008
6,"(44.9244996, -72.5207458)",939
7,"(44.9241947, -72.520387)",939
8,"(44.9239333, -72.5200486)",939
9,"(44.9236937, -72.5196179)",939
10,"(44.9235703, -72.5193103)",939
11,"(44.9234396, -72.5189001)",939
12,"(44.9233162, -72.5183362)",889
13,"(44.9231928, -72.517803)",889
14,"(44.9231194, -72.5175312)",889
15,"(44.9230548, -72.5172903)",889
16,"(44.9229799, -72.5169472)",889
17,"(44.9229453, -72.5165693)",827
18,"(44.9229223, -72.5162131)",827
19,"(44.9228952, -72.5158976)",904
20,"(44.9228073, -72.5154805)",904
21,"(44.9227841, -72.5150663)",904
22,"(44.9228382, -72.5143687)",894
23,"(44.9229076, -72.5139)",894
24,"(44.9229462, -72.5131915)",794
25,"(44.9230157, -72.5126574)",794
26,"(44.9232858, -72.5118617)",775
27,"(44.9236472, -72.5112411)",775
28,"(44.9239321, -72.510887)",775
29,"(44.9241068, -72.5107797)",775
30,"(44.9243689, -72.5106993)",775
31,"(44.9245398, -72.51071)",775
32,"(44.9249268, -72.5109262)",775
0,"(44.9231041, -72.5135692)",794
1,"(44.9236548, -72.5132366)",794
2,"(44.9243385, -72.512727)",794
0,"(44.9275289, -72.5216319)",1020
1,"(44.9275593, -72.5214013)",1020
2,"(44.9276315, -72.5212135)",1020
3,"(44.9278176, -72.5208487)",1020
4,"(44.9279237, -72.5205535)",970
5,"(44.9279429, -72.5205001)",970
6,"(44.9280151, -72.5201031)",970
7,"(44.9280416, -72.5196632)",970
8,"(44.9280303, -72.519175)",970
9,"(44.9280378, -72.5186332)",888
10,"(44.9280817, -72.5180404)",888
11,"(44.9280857, -72.5179874)",888
12,"(44.9280986, -72.5178125)",888
13,"(44.928167, -72.5173297)",888
14,"(44.9282429, -72.5170132)",888
15,"(44.9284404, -72.5166001)",811
16,"(44.9287253, -72.5159778)",811
17,"(44.9288506, -72.5155058)",811
18,"(44.9289456, -72.5147762)",811
19,"(44.9291165, -72.5135746)",753
20,"(44.9292532, -72.5128021)",772
21,"(44.9293678, -72.5122298)",714
0,"(44.9267161, -72.5154951)",792
1,"(44.9268225, -72.5146636)",792
2,"(44.9269364, -72.5137409)",742
3,"(44.9272061, -72.5120726)",696
0,"(44.927772, -72.5146904)",811
1,"(44.9279201, -72.5134029)",753
2,"(44.9281898, -72.5115361)",696
0,"(44.9260173, -72.5217714)",999
1,"(44.9258008, -72.5213691)",999
2,"(44.9256413, -72.5209882)",999
3,"(44.9255653, -72.5205966)",931
4,"(44.9255007, -72.5200441)",931
5,"(44.9253754, -72.5196364)",931
6,"(44.9252615, -72.5191965)",931
7,"(44.9252387, -72.5189336)",931
8,"(44.9252577, -72.5182738)",861
9,"(44.9253032, -72.5175067)",861
10,"(44.925326, -72.5168254)",861
0,"(44.9306001, -72.5149007)",817
1,"(44.9304951, -72.514626)",817
2,"(44.9304001, -72.5143095)",772
3,"(44.9302866, -72.5138833)",772
4,"(44.9302665, -72.5137789)",772
5,"(44.9301723, -72.5132903)",772
6,"(44.9300811, -72.51255)",772
0,"(44.92875, -72.5199259)",970
1,"(44.9287367, -72.5196096)",970
2,"(44.9287557, -72.519116)",970
3,"(44.928824, -72.518703)",888
4,"(44.9290671, -72.5180646)",888
5,"(44.929314, -72.517555)",852
6,"(44.9294887, -72.5170507)",852
7,"(44.9295988, -72.5163641)",817
8,"(44.9297659, -72.5154951)",817
9,"(44.9299102, -72.5148299)",817
10,"(44.9302665, -72.5137789)",772
0,"(44.9280817, -72.5180404)",888
1,"(44.9279961, -72.5172117)",888
2,"(44.9280082, -72.5165966)",811
3,"(44.9281294, -72.5154382)",811
4,"(44.9282633, -72.5141523)",753
5,"(44.9284036, -72.5126342)",753
6,"(44.9285244, -72.5114894)",696
0,"(44.9279237, -72.5205535)",970
1,"(44.9280796, -72.520543)",970
2,"(44.9282505, -72.5205215)",970
3,"(44.9283683, -72.5204571)",970
4,"(44.9284898, -72.5202855)",970
5,"(44.9287063, -72.5199851)",970
6,"(44.92875, -72.5199259)",970
7,"(44.9289911, -72.5195988)",970
8,"(44.929257, -72.5191858)",907
9,"(44.9295418, -72.518821)",907
10,"(44.9298419, -72.5184187)",852
11,"(44.9300963, -72.5181129)",852
12,"(44.9302921, -72.5178058)",852
0,"(44.9275137, -72.5208648)",1020
1,"(44.9274302, -72.5204196)",970
2,"(44.9274188, -72.5199743)",970
3,"(44.9274378, -72.519277)",970
4,"(44.9275175, -72.518247)",888
5,"(44.9276429, -72.5169649)",888
6,"(44.9277302, -72.5159242)",811
7,"(44.927772, -72.515082)",811
0,"(44.9312319, -72.5123837)",714
1,"(44.9314521, -72.5116649)",707
2,"(44.9317597, -72.5107851)",707
3,"(44.9320598, -72.5094815)",679
0,"(44.9327461, -72.5141932)",736
1,"(44.9329522, -72.5139072)",736
2,"(44.9334497, -72.5132098)",678
3,"(44.9340307, -72.5123837)",659
4,"(44.9346725, -72.5114878)",659
5,"(44.935151, -72.5108441)",659
6,"(44.9357396, -72.5099965)",616
7,"(44.9364118, -72.5089826)",616
8,"(44.9368713, -72.5082585)",596
9,"(44.9372662, -72.5077327)",596
10,"(44.9376407, -72.5074052)",573
11,"(44.9383826, -72.5066584)",573
0,"(44.9328991, -72.5146153)",747
1,"(44.9332942, -72.5141169)",736
2,"(44.9338978, -72.5132795)",678
3,"(44.9345624, -72.5123837)",659
4,"(44.9352687, -72.5114396)",659
5,"(44.9358801, -72.5106134)",628
6,"(44.9367439, -72.5094679)",616
7,"(44.9376661, -72.5082625)",573
8,"(44.9379957, -72.5077888)",573
9,"(44.9381662, -72.5074216)",573
0,"(44.9302879, -72.5174661)",852
1,"(44.9304875, -72.517437)",852
2,"(44.9307154, -72.517319)",852
3,"(44.9309015, -72.5170936)",852
4,"(44.9312129, -72.516643)",817
5,"(44.9314331, -72.5163319)",747
6,"(44.9316116, -72.5158545)",747
7,"(44.9318015, -72.5155058)",747
8,"(44.9321927, -72.515023)",747
9,"(44.9327461, -72.5141932)",736
0,"(44.9326112, -72.511231)",707
1,"(44.9327813, -72.5110426)",707
2,"(44.9334953, -72.510195)",649
3,"(44.9341675, -72.5093099)",649
4,"(44.9347599, -72.5085857)",649
5,"(44.9351244, -72.5082477)",626
6,"(44.9356105, -72.5079527)",596
7,"(44.9359047, -72.5078316)",596
8,"(44.9361839, -72.5077166)",596
0,"(44.932852, -72.5123254)",707
1,"(44.9331345, -72.5119974)",707
2,"(44.9337383, -72.5110909)",659
3,"(44.9343649, -72.5101735)",649
4,"(44.9349156, -72.5093689)",649
5,"(44.9354472, -72.5086018)",616
6,"(44.9359047, -72.5078316)",596
0,"(44.9324122, -72.5098982)",679
1,"(44.9327585, -72.5095674)",679
2,"(44.9334269, -72.5089129)",649
3,"(44.9340535, -72.5083121)",626
4,"(44.9345434, -72.5079849)",626
5,"(44.9351151, -72.5078245)",626
6,"(44.9359047, -72.5078316)",596
0,"(44.9327863, -72.5188556)",841
1,"(44.9327471, -72.5186118)",795
2,"(44.932656, -72.5184026)",795
3,"(44.9325725, -72.518306)",795
4,"(44.9325138, -72.5182808)",795
5,"(44.9323978, -72.5182309)",795
6,"(44.9322534, -72.518188)",795
7,"(44.9320751, -72.5181563)",795
8,"(44.9319534, -72.51807)",795
9,"(44.9318053, -72.5178608)",795
10,"(44.9316306, -72.5175121)",795
11,"(44.9315015, -72.5172278)",795
12,"(44.9314559, -72.51704)",795
13,"(44.9314369, -72.5167289)",795
14,"(44.9314331, -72.5163319)",747
0,"(44.9309125, -72.5199892)",907
1,"(44.9311407, -72.5196632)",907
2,"(44.9315243, -72.5190517)",841
3,"(44.9318091, -72.5185957)",795
4,"(44.9320751, -72.5181563)",795
0,"(44.9305896, -72.5192087)",907
1,"(44.9307419, -72.5189766)",907
2,"(44.9311901, -72.5182631)",852
3,"(44.9314749, -72.5179144)",795
4,"(44.9318699, -72.5175711)",795
5,"(44.9320142, -72.5173511)",795
6,"(44.9322383, -72.5168683)",795
7,"(44.9325003, -72.5163641)",747
8,"(44.9328725, -72.5157364)",747
0,"(44.9325138, -72.5182808)",795
1,"(44.9326955, -72.5179495)",795
2,"(44.9329044, -72.5177148)",795
3,"(44.9331262, -72.5175649)",795
4,"(44.9333485, -72.5173578)",726
5,"(44.9334835, -72.5170993)",726
6,"(44.9335832, -72.5167369)",726
7,"(44.9336466, -72.5163788)",697
8,"(44.9337655, -72.5161917)",697
9,"(44.9340204, -72.5160428)",697
10,"(44.9342137, -72.5159434)",697
0,"(44.9327863, -72.5188556)",841
1,"(44.9330361, -72.5184757)",795
2,"(44.9332822, -72.5180785)",795
3,"(44.9335813, -72.5177913)",726
4,"(44.9338054, -72.517529)",726
5,"(44.9340144, -72.5171248)",726
6,"(44.9341082, -72.5166882)",726
7,"(44.9342137, -72.5159434)",697
0,"(44.9320751, -72.5181563)",795
1,"(44.9322648, -72.5178608)",795
2,"(44.9326408, -72.5172546)",795
3,"(44.9329902, -72.5167074)",795
4,"(44.9332826, -72.5162675)",747
5,"(44.9335181, -72.5159253)",697
6,"(44.9338105, -72.5154619)",697
7,"(44.9340383, -72.5150085)",697
8,"(44.9343144, -72.5142556)",678
0,"(44.932484, -72.5194453)",841
1,"(44.9328387, -72.5193765)",841
2,"(44.9332826, -72.5191643)",841
3,"(44.9337649, -72.5188049)",743
4,"(44.9342472, -72.5182524)",726
5,"(44.9347941, -72.5175389)",726
6,"(44.9353409, -72.5166752)",726
7,"(44.9357699, -72.5158092)",660
0,"(44.9297689, -72.5315053)",919
1,"(44.9300659, -72.5315457)",919
2,"(44.9304381, -72.5313633)",919
3,"(44.9308103, -72.5308912)",884
4,"(44.9314939, -72.5299792)",821
5,"(44.9320939, -72.5290566)",794
6,"(44.9326636, -72.5281983)",794
7,"(44.933013, -72.5275223)",794
8,"(44.9332636, -72.5267713)",784
9,"(44.9334535, -72.5262885)",727
10,"(44.9337714, -72.5256354)",727
0,"(44.9300659, -72.5315457)",919
1,"(44.9304837, -72.5318461)",919
2,"(44.9308331, -72.5320285)",919
3,"(44.9312736, -72.5320714)",873
4,"(44.9317522, -72.5319641)",873
5,"(44.9321927, -72.5316637)",873
6,"(44.9327547, -72.5311487)",821
7,"(44.933051, -72.530505)",821
8,"(44.9332105, -72.5297003)",821
9,"(44.9333092, -72.5287991)",794
10,"(44.9333472, -72.52793)",734
11,"(44.9333168, -72.527297)",794
12,"(44.9332636, -72.5267713)",784
0,"(44.9274989, -72.5251491)",965
1,"(44.9277416, -72.5252261)",965
2,"(44.9280189, -72.5253066)",965
3,"(44.9283569, -72.525328)",965
4,"(44.9287519, -72.5252368)",965
5,"(44.9292456, -72.5250384)",852
6,"(44.9299938, -72.524754)",872
7,"(44.9304343, -72.524695)",872
8,"(44.9308597, -72.5247433)",872
9,"(44.9316382, -72.5248506)",803
10,"(44.932318, -72.5248291)",803
11,"(44.9330396, -72.5246414)",803
12,"(44.9337042, -72.5245019)",734
13,"(44.9342206, -72.5244536)",734
14,"(44.9348548, -72.5244858)",734
15,"(44.9354099, -72.5245794)",734
0,"(44.9299596, -72.5219645)",926
1,"(44.9301115, -72.5221738)",926
2,"(44.9303293, -72.5224181)",926
3,"(44.9307042, -72.5227193)",926
4,"(44.9313572, -72.5229087)",828
5,"(44.9319079, -72.5230267)",803
6,"(44.9324167, -72.5230374)",803
7,"(44.9327813, -72.5229623)",803
8,"(44.932956, -72.5228819)",828
9,"(44.9331592, -72.5227211)",828
0,"(44.9242704, -72.5267117)",1159
1,"(44.9243574, -72.5267763)",1159
2,"(44.9244106, -72.5268514)",1159
3,"(44.9244486, -72.527007)",1159
4,"(44.9245112, -72.5271679)",1117
5,"(44.9245416, -72.5272296)",1117
6,"(44.9245739, -72.5272671)",1117
7,"(44.9246176, -72.5272671)",1117
8,"(44.9248417, -72.5272135)",1117
9,"(44.9250316, -72.5271438)",1043
10,"(44.9253487, -72.5270231)",1047
11,"(44.9255747, -72.5268943)",1047
12,"(44.9257817, -72.5267521)",1047
13,"(44.9259612, -72.5266232)",1047
0,"(44.9220341, -72.523221)",1098
1,"(44.9221335, -72.5230909)",1098
2,"(44.9222664, -72.5229166)",1046
3,"(44.9223956, -72.5227583)",1046
4,"(44.9225171, -72.5226296)",1046
5,"(44.9226691, -72.5225384)",1046
6,"(44.9228514, -72.5224633)",1046
7,"(44.9230394, -72.5223882)",1008
8,"(44.9230964, -72.5223345)",1008
9,"(44.9231363, -72.5222326)",1008
10,"(44.9232008, -72.5220476)",1008
11,"(44.9232369, -72.5219242)",1008
12,"(44.9232825, -72.5218625)",1008
13,"(44.9233698, -72.5217901)",1008
14,"(44.9234363, -72.5217123)",1008
15,"(44.9234914, -72.5216157)",1008
16,"(44.9235104, -72.5215326)",1008
17,"(44.9235104, -72.5214601)",1008
18,"(44.9234743, -72.5212992)",1008
19,"(44.9234059, -72.5210981)",1008
20,"(44.9233793, -72.5209559)",1008
21,"(44.9233717, -72.5208271)",939
22,"(44.9233907, -72.5207601)",939
23,"(44.9234667, -72.5206501)",939
24,"(44.9235636, -72.5205884)",939
25,"(44.9237212, -72.5205697)",939
26,"(44.923801, -72.5205187)",939
27,"(44.9238788, -72.5203899)",939
28,"(44.923913, -72.5202719)",939
29,"(44.9239333, -72.5200486)",939
0,"(44.9256393, -72.5249148)",1040
1,"(44.9255481, -72.5248236)",1040
2,"(44.9255272, -72.5247324)",1040
3,"(44.9255082, -72.5245742)",1040
4,"(44.9255063, -72.5244347)",1040
5,"(44.9254931, -72.5242738)",1040
6,"(44.9254987, -72.5241424)",1040
7,"(44.9255386, -72.5240243)",1040
8,"(44.9255424, -72.5239117)",1040
9,"(44.9255215, -72.5238124)",1040
10,"(44.925476, -72.5237508)",1040
11,"(44.925419, -72.5237132)",1040
12,"(44.9253658, -72.5236837)",1040
13,"(44.9253164, -72.5236247)",1040
14,"(44.9252955, -72.5235362)",1040
15,"(44.9253031, -72.5234503)",1040
16,"(44.9253392, -72.5232921)",1040
17,"(44.925343, -72.5232304)",1040
18,"(44.9253221, -72.5231875)",1040
19,"(44.9252367, -72.5231097)",1040
20,"(44.9250449, -72.5229649)",1040
21,"(44.9249879, -72.5228576)",1008
22,"(44.9249689, -72.5227637)",1008
23,"(44.9249689, -72.5226779)",1008
24,"(44.9250126, -72.5225545)",999
25,"(44.9250961, -72.5224821)",999
26,"(44.9252538, -72.5224177)",999
27,"(44.9253449, -72.5223024)",999
28,"(44.9254391, -72.5220813)",999
0,"(44.9217134, -72.5222625)",1046
1,"(44.9217821, -72.5220744)",1046
2,"(44.9219626, -72.5216399)",1046
3,"(44.9221012, -72.5213287)",1046
4,"(44.922331, -72.5209425)",1046
5,"(44.9226007, -72.5204034)",981
6,"(44.9227184, -72.5200547)",981
7,"(44.9228856, -72.5194056)",981
8,"(44.9229976, -72.5188986)",939
9,"(44.9230888, -72.5184185)",889
0,"(44.9245302, -72.5260092)",1159
1,"(44.9245739, -72.5261352)",1159
2,"(44.9246423, -72.5262157)",1159
3,"(44.9247581, -72.526264)",1159
4,"(44.9249556, -72.5262103)",1159
5,"(44.9251436, -72.5260789)",1047
6,"(44.9253069, -72.5258187)",1047
7,"(44.9253962, -72.5255344)",1047
8,"(44.9254551, -72.5251133)",1047
9,"(44.9255082, -72.5245742)",1040
0,"(44.932438, -72.5033536)",614
1,"(44.9329265, -72.5029631)",614
0,"(44.9329265, -72.5029631)",614
1,"(44.932994, -72.5028887)",614
2,"(44.9331991, -72.5026365)",614
3,"(44.93337, -72.5023576)",590
4,"(44.9335522, -72.5019177)",578
5,"(44.933575, -72.501687)",578
6,"(44.933613, -72.5015368)",578
7,"(44.9337345, -72.5013062)",578
8,"(44.9339168, -72.501054)",578
9,"(44.9340801, -72.500936)",578
10,"(44.9342358, -72.5009199)",578
11,"(44.934608, -72.5008877)",578
12,"(44.9349156, -72.5008663)",578
13,"(44.9351814, -72.5008556)",578
14,"(44.935432, -72.5007965)",562
15,"(44.935827, -72.5005981)",562
0,"(44.9314141, -72.5073542)",650
1,"(44.9313761, -72.5072818)",650
2,"(44.9312679, -72.5070511)",650
3,"(44.9310742, -72.5066542)",652
4,"(44.9307993, -72.5061327)",630
5,"(44.9306907, -72.5059544)",630
6,"(44.930592, -72.5058184)",630
7,"(44.9305001, -72.5057054)",630
8,"(44.9302581, -72.5053775)",630
9,"(44.9300995, -72.5051627)",630
10,"(44.9299998, -72.505038)",630
0,"(44.9335918, -72.5073405)",626
1,"(44.9337487, -72.5072643)",626
2,"(44.9338926, -72.5071927)",626
3,"(44.9340528, -72.5071303)",626
4,"(44.9343961, -72.5070518)",626
5,"(44.9346872, -72.5070126)",626
6,"(44.9349324, -72.5070033)",626
7,"(44.9351349, -72.5070035)",626
8,"(44.9354686, -72.5070189)",596
9,"(44.935702, -72.5070004)",596
10,"(44.935955, -72.5069388)",596
11,"(44.9361752, -72.5068929)",596
12,"(44.9362211, -72.5068833)",596
13,"(44.936376, -72.5068741)",596
14,"(44.9365919, -72.5069142)",596
15,"(44.9368318, -72.5069912)",596
16,"(44.9371874, -72.5071021)",596
17,"(44.9374142, -72.5072254)",596
18,"(44.9376407, -72.5074052)",573
