coordinates,elevation
"(43.5338451, -71.3752584)",493.55
"(43.5339326, -71.3753845)",496.44
"(43.5340357, -71.3754757)",498.10
"(43.5341485, -71.3755749)",500.18
"(43.5342554, -71.37565)",502.25
"(43.5343225, -71.3756916)",503.63
"(43.5343896, -71.3757332)",504.69
"(43.5345082, -71.3757788)",506.14
"(43.5346132, -71.3757949)",506.91
"(43.534726, -71.3758029)",506.89
"(43.5348485, -71.375768)",506.28
"(43.5349729, -71.3757224)",506.09
"(43.5350429, -71.3756862)",506.05
"(43.5351129, -71.37565)",506.07
"(43.53518095, -71.37562855)",506.44
"(43.535249, -71.3756071)",506.90
"(43.5353657, -71.3755883)",507.37
"(43.5354464, -71.3755749)",507.56
"(43.5355271, -71.3755615)",507.68
"(43.535599, -71.3755401)",508.00
"(43.5356982, -71.3756339)",507.74
"(43.53575655, -71.37572645)",505.95
"(43.5358149, -71.375819)",503.90
"(43.5359121, -71.375878)",502.30
"(43.53601225, -71.37595175)",501.33
"(43.5361124, -71.3760255)",500.00
"(43.5361843, -71.3760926)",498.23
"(43.53626595, -71.3761717)",496.64
"(43.5363476, -71.3762508)",494.33
"(43.5364429, -71.3763447)",492.54
"(43.5364838, -71.3763849)",492.24
"(43.5334464, -71.3760314)",519.59
"(43.53349358, -71.3759602)",518.02
"(43.53354075, -71.375889)",516.26
"(43.53358792, -71.3758178)",514.15
"(43.5336351, -71.3757466)",511.76
"(43.5336876, -71.37562455)",507.67
"(43.5337401, -71.3755025)",502.86
"(43.5337926, -71.37538045)",498.19
"(43.5338451, -71.3752584)",493.55
"(43.53390635, -71.3751471)",488.97
"(43.5339676, -71.3750358)",484.71
"(43.53402885, -71.3749245)",481.15
"(43.5340901, -71.3748132)",478.01
"(43.5341815, -71.37472735)",474.73
"(43.5342729, -71.3746415)",471.62
"(43.53434778, -71.37458383)",469.35
"(43.53442265, -71.37452615)",467.45
"(43.53449752, -71.37446848)",465.69
"(43.5345724, -71.3744108)",464.16
"(43.5346443, -71.37434645)",463.01
"(43.5347162, -71.3742821)",461.67
"(43.5347658, -71.37417213)",459.11
"(43.5348154, -71.37406215)",456.63
"(43.534865, -71.37395217)",454.10
"(43.5349146, -71.3738422)",451.59
"(43.53492918, -71.3737148)",448.83
"(43.53494375, -71.3735874)",446.18
"(43.53495832, -71.37346)",443.32
"(43.5349729, -71.3733326)",440.04
"(43.53497778, -71.37320117)",436.55
"(43.53498265, -71.37306975)",433.79
"(43.53498753, -71.37293833)",430.52
"(43.5349924, -71.3728069)",427.47
"(43.535006, -71.37269022)",424.98
"(43.5350196, -71.37257355)",422.44
"(43.5350332, -71.37245687)",419.66
"(43.5350468, -71.3723402)",417.13
"(43.53510418, -71.37219535)",413.54
"(43.53516155, -71.3720505)",410.40
"(43.53521892, -71.37190565)",407.53
"(43.5352763, -71.3717608)",405.16
"(43.53533463, -71.37166828)",403.41
"(43.53539295, -71.37157575)",401.40
"(43.53545127, -71.37148323)",399.76
"(43.5355096, -71.3713907)",397.99
"(43.53556988, -71.37129815)",396.33
"(43.53563015, -71.3712056)",394.94
"(43.53569042, -71.37111305)",393.46
"(43.5357507, -71.3710205)",392.03
"(43.53579543, -71.37092128)",389.96
"(43.53584015, -71.37082205)",388.09
"(43.53588488, -71.37072283)",386.51
"(43.5359296, -71.3706236)",384.65
"(43.5359821, -71.37047338)",381.80
"(43.5360346, -71.37032315)",378.06
"(43.5360871, -71.37017293)",374.56
"(43.5361396, -71.3700227)",371.58
"(43.536211, -71.3699309)",370.26
"(43.53630206, -71.36981389)",369.24
"(43.53639313, -71.36969687)",368.39
"(43.53648419, -71.36957986)",367.08
"(43.53657525, -71.36946285)",365.40
"(43.53666631, -71.36934584)",363.79
"(43.53675738, -71.36922882)",362.36
"(43.53684844, -71.36911181)",361.22
"(43.5369395, -71.3689948)",360.13
"(43.53699995, -71.3689171)",359.16
"(43.5370604, -71.3688394)",357.68
"(43.53713696, -71.36874101)",354.76
"(43.53721352, -71.36864263)",351.92
"(43.53729009, -71.36854424)",349.35
"(43.53736665, -71.36844585)",347.20
"(43.53744321, -71.36834746)",345.11
"(43.53751977, -71.36824907)",342.42
"(43.53759634, -71.36815069)",339.55
"(43.5376729, -71.3680523)",336.82
"(43.5377378, -71.36795105)",334.17
"(43.5378027, -71.3678498)",331.63
"(43.5378676, -71.36774855)",329.25
"(43.5379325, -71.3676473)",326.87
"(43.53795655, -71.36749945)",323.93
"(43.5379806, -71.3673516)",321.04
"(43.5379393, -71.3671833)",319.27
"(43.5366309, -71.3716581)",406.92
"(43.536744, -71.37157265)",406.24
"(43.5368571, -71.3714872)",405.61
"(43.5369378, -71.3714403)",405.10
"(43.5370185, -71.3713934)",404.71
"(43.53712835, -71.37133705)",404.02
"(43.5372382, -71.3712807)",403.24
"(43.5373364, -71.3712311)",402.07
"(43.5374346, -71.3711815)",401.16
"(43.53753765, -71.37113855)",399.84
"(43.5376407, -71.3710956)",399.03
"(43.537735, -71.3710554)",397.56
"(43.5378293, -71.3710152)",394.37
"(43.5378925, -71.37094545)",392.08
"(43.5379557, -71.3708757)",389.72
"(43.5380675, -71.37077847)",384.94
"(43.5381793, -71.37068125)",379.74
"(43.5382911, -71.37058402)",374.50
"(43.5384029, -71.3704868)",370.45
"(43.53848065, -71.3704224)",366.96
"(43.5385584, -71.370358)",363.73
"(43.53865465, -71.37028155)",359.60
"(43.5387509, -71.3702051)",355.77
"(43.5388593, -71.37013402)",352.37
"(43.5389677, -71.37006295)",348.85
"(43.5390761, -71.36999188)",345.06
"(43.5391845, -71.3699208)",342.39
"(43.53928708, -71.36986247)",340.23
"(43.53938965, -71.36980415)",337.51
"(43.53949223, -71.36974582)",335.11
"(43.5395948, -71.3696875)",332.75
"(43.53968473, -71.3696325)",330.47
"(43.53977465, -71.3695775)",326.77
"(43.53986457, -71.3695225)",323.42
"(43.5399545, -71.3694675)",320.64
"(43.54003517, -71.36940312)",317.77
"(43.54011585, -71.36933875)",314.50
"(43.54019652, -71.36927438)",312.13
"(43.5402772, -71.36921)",310.17
"(43.54038705, -71.3691349)",307.83
"(43.5404969, -71.3690598)",305.77
"(43.54059655, -71.36897733)",302.08
"(43.5406962, -71.36889485)",299.02
"(43.54079585, -71.36881238)",296.73
"(43.5408955, -71.3687299)",295.55
"(43.5409499, -71.3686897)",294.78
"(43.5371254, -71.3697411)",373.86
"(43.5372351, -71.36963955)",371.75
"(43.5373448, -71.369538)",368.62
"(43.53741766, -71.36945664)",365.84
"(43.53749052, -71.36937529)",363.74
"(43.53756339, -71.36929393)",361.58
"(43.53763625, -71.36921258)",358.85
"(43.53770911, -71.36913122)",356.22
"(43.53778198, -71.36904986)",353.87
"(43.53785484, -71.36896851)",351.65
"(43.5379277, -71.36888715)",349.44
"(43.53800056, -71.36880579)",347.45
"(43.53807343, -71.36872444)",345.70
"(43.53814629, -71.36864308)",344.14
"(43.53821915, -71.36856173)",342.68
"(43.53829201, -71.36848037)",341.34
"(43.53836487, -71.36839901)",340.57
"(43.53843774, -71.36831766)",339.09
"(43.5385106, -71.3682363)",337.25
"(43.53857794, -71.36817613)",335.62
"(43.53864529, -71.36811596)",333.84
"(43.53871263, -71.36805579)",331.34
"(43.53877997, -71.36799563)",328.80
"(43.53884732, -71.36793546)",326.83
"(43.53891466, -71.36787529)",325.12
"(43.53898201, -71.36781512)",322.96
"(43.53904935, -71.36775495)",320.96
"(43.53911669, -71.36769478)",319.30
"(43.53918404, -71.36763461)",317.66
"(43.53925138, -71.36757444)",316.29
"(43.53931873, -71.36751428)",315.17
"(43.53938607, -71.36745411)",313.63
"(43.53945341, -71.36739394)",311.82
"(43.53952076, -71.36733377)",310.11
"(43.5395881, -71.3672736)",308.64
"(43.53966378, -71.36719575)",306.64
"(43.53973945, -71.3671179)",304.40
"(43.53981513, -71.36704005)",302.03
"(43.5398908, -71.3669622)",299.73
"(43.53995879, -71.36690291)",298.01
"(43.54002678, -71.36684363)",296.42
"(43.54009476, -71.36678434)",295.10
"(43.54016275, -71.36672505)",293.92
"(43.54023074, -71.36666576)",292.87
"(43.54029872, -71.36660647)",291.96
"(43.54036671, -71.36654719)",291.21
"(43.5404347, -71.3664879)",290.22
"(43.5372382, -71.3712807)",403.24
"(43.5372668, -71.3711964)",401.94
"(43.5372954, -71.3711121)",400.60
"(43.537324, -71.3710278)",398.73
"(43.5373526, -71.3709435)",396.82
"(43.53738467, -71.37084291)",395.13
"(43.53741675, -71.37074233)",392.93
"(43.53744882, -71.37064174)",390.60
"(43.5374809, -71.37054115)",388.13
"(43.53751297, -71.37044056)",386.24
"(43.53754505, -71.37033998)",384.26
"(43.53757712, -71.37023939)",381.91
"(43.5376092, -71.3701388)",379.60
"(43.53770545, -71.37004628)",376.60
"(43.5378017, -71.36995375)",372.29
"(43.53789795, -71.36986123)",367.48
"(43.5379942, -71.3697687)",363.60
"(43.53809045, -71.36967618)",360.48
"(43.5381867, -71.36958365)",357.42
"(43.53828295, -71.36949112)",354.26
"(43.5383792, -71.3693986)",351.65
"(43.53844822, -71.36932886)",349.50
"(43.53851725, -71.36925912)",346.81
"(43.53858628, -71.36918939)",344.06
"(43.5386553, -71.36911965)",341.83
"(43.53872433, -71.36904991)",340.19
"(43.53879335, -71.36898018)",338.93
"(43.53886238, -71.36891044)",337.52
"(43.5389314, -71.3688407)",335.66
"(43.53899945, -71.36878436)",333.85
"(43.5390675, -71.36872802)",331.86
"(43.53913555, -71.36867169)",329.55
"(43.5392036, -71.36861535)",327.34
"(43.53927165, -71.36855901)",325.13
"(43.5393397, -71.36850268)",322.88
"(43.53940775, -71.36844634)",320.54
"(43.5394758, -71.36839)",318.24
"(43.53953997, -71.36834575)",316.39
"(43.53960415, -71.3683015)",314.68
"(43.53966833, -71.36825725)",313.16
"(43.5397325, -71.368213)",311.96
"(43.5397869, -71.3681755)",310.95
"(43.539888, -71.36807355)",308.88
"(43.5399891, -71.3679716)",306.27
"(43.54005379, -71.36791886)",304.05
"(43.54011847, -71.36786613)",301.61
"(43.54018316, -71.36781339)",299.61
"(43.54024785, -71.36776065)",298.13
"(43.54031254, -71.36770791)",297.09
"(43.54037723, -71.36765518)",296.39
"(43.54044191, -71.36760244)",295.52
"(43.5405066, -71.3675497)",294.66
"(43.5368804, -71.376275)",487.91
"(43.5369254, -71.3762698)",487.17
"(43.53700498, -71.37626055)",486.03
"(43.53708455, -71.3762513)",484.99
"(43.53716413, -71.37624205)",483.37
"(43.5372437, -71.3762328)",482.17
"(43.53736815, -71.37618455)",480.05
"(43.5374926, -71.3761363)",477.01
"(43.5375937, -71.3760397)",473.59
"(43.5376948, -71.3759431)",470.21
"(43.53776285, -71.37583315)",466.81
"(43.5378309, -71.3757232)",463.50
"(43.53789895, -71.37561325)",459.66
"(43.537967, -71.3755033)",455.49
"(43.5380409, -71.37539333)",451.27
"(43.5381148, -71.37528335)",446.73
"(43.5381887, -71.37517338)",442.13
"(43.5382626, -71.3750634)",438.43
"(43.53832288, -71.37495343)",435.76
"(43.53838315, -71.37484345)",433.58
"(43.53844342, -71.37473347)",431.39
"(43.5385037, -71.3746235)",428.25
"(43.53855617, -71.37450817)",424.84
"(43.53860865, -71.37439285)",422.31
"(43.53866113, -71.37427752)",420.61
"(43.5387136, -71.3741622)",417.99
"(43.53878945, -71.37404953)",413.71
"(43.5388653, -71.37393685)",408.99
"(43.53894115, -71.37382418)",404.22
"(43.539017, -71.3737115)",399.44
"(43.53907532, -71.37366323)",396.90
"(43.53913365, -71.37361495)",394.45
"(43.53919197, -71.37356667)",392.02
"(43.5392503, -71.3735184)",389.23
"(43.53933973, -71.37345135)",384.07
"(43.53942915, -71.3733843)",378.61
"(43.53951858, -71.37331725)",373.51
"(43.539608, -71.3732502)",369.56
"(43.53967608, -71.37315365)",367.22
"(43.53974415, -71.3730571)",365.06
"(43.53981223, -71.37296055)",362.44
"(43.5398803, -71.372864)",359.25
"(43.53992695, -71.37278353)",357.14
"(43.5399736, -71.37270305)",354.94
"(43.54002025, -71.37262258)",352.67
"(43.5400669, -71.3725421)",350.08
"(43.54010772, -71.37244285)",347.35
"(43.54014855, -71.3723436)",344.66
"(43.54018937, -71.37224435)",342.76
"(43.5402302, -71.3721451)",341.29
"(43.54025548, -71.3720566)",339.99
"(43.54028075, -71.3719681)",338.61
"(43.54030602, -71.3718796)",337.13
"(43.5403313, -71.3717911)",336.02
"(43.54039352, -71.37169722)",335.22
"(43.54045575, -71.37160335)",333.79
"(43.54051798, -71.37150948)",331.66
"(43.5405802, -71.3714156)",329.01
"(43.54065798, -71.37134855)",326.33
"(43.54073575, -71.3712815)",323.04
"(43.54081352, -71.37121445)",319.64
"(43.5408913, -71.3711474)",317.01
"(43.54095545, -71.37109375)",315.54
"(43.5410196, -71.3710401)",314.09
"(43.54108375, -71.37098645)",312.48
"(43.5411479, -71.3709328)",310.45
"(43.54121403, -71.37086038)",308.15
"(43.54128015, -71.37078795)",306.07
"(43.54134627, -71.37071552)",304.75
"(43.5414124, -71.3706431)",303.82
"(43.5414785, -71.37056533)",302.86
"(43.5415446, -71.37048755)",302.00
"(43.5416107, -71.37040978)",301.33
"(43.5416768, -71.370332)",300.83
"(43.5417118, -71.3702086)",300.12
"(43.5417468, -71.3700852)",299.57
"(43.54180657, -71.36995988)",298.90
"(43.54186635, -71.36983455)",297.99
"(43.54192613, -71.36970923)",297.22
"(43.5419859, -71.3695839)",296.18
"(43.5327092, -71.3644633)",443.77
"(43.5328181, -71.36445255)",441.95
"(43.532927, -71.3644418)",439.02
"(43.5330281, -71.36448475)",436.84
"(43.5331292, -71.3645277)",435.70
"(43.53319725, -71.3645706)",435.11
"(43.5332653, -71.3646135)",434.07
"(43.53333335, -71.3646564)",432.56
"(43.5334014, -71.3646993)",431.02
"(43.5334831, -71.3647637)",429.42
"(43.5335648, -71.3648281)",428.08
"(43.533627, -71.3649139)",427.17
"(43.5336892, -71.3649997)",425.81
"(43.53375145, -71.3651231)",424.16
"(43.5338137, -71.3652465)",422.51
"(43.5338837, -71.3653109)",420.12
"(43.5339809, -71.3654343)",416.73
"(43.5340781, -71.3655523)",413.92
"(43.5341753, -71.3656703)",411.30
"(43.53429783, -71.36570115)",409.27
"(43.53442035, -71.365732)",407.36
"(43.53454287, -71.36576285)",404.56
"(43.5346654, -71.3657937)",401.52
"(43.53475388, -71.3657709)",399.43
"(43.53484235, -71.3657481)",397.24
"(43.53493083, -71.3657253)",395.10
"(43.5350193, -71.3657025)",392.61
"(43.53514569, -71.3656683)",388.95
"(43.53527208, -71.3656341)",385.45
"(43.53539846, -71.3655999)",381.85
"(43.53552485, -71.3655657)",378.34
"(43.53565124, -71.3655315)",375.76
"(43.53577763, -71.3654973)",372.71
"(43.53590401, -71.3654631)",369.88
"(43.5360304, -71.3654289)",367.15
"(43.53613151, -71.36541549)",364.39
"(43.53623262, -71.36540207)",361.15
"(43.53633374, -71.36538866)",358.07
"(43.53643485, -71.36537525)",355.85
"(43.53653596, -71.36536184)",353.80
"(43.53663708, -71.36534843)",351.11
"(43.53673819, -71.36533501)",348.03
"(43.5368393, -71.3653216)",345.69
"(43.5369404, -71.36532698)",343.70
"(43.5370415, -71.36533235)",341.55
"(43.5371426, -71.36533773)",339.38
"(43.5372437, -71.3653431)",336.65
"(43.53732255, -71.3653144)",334.36
"(43.5374014, -71.3652857)",332.26
"(43.53750197, -71.36524908)",330.00
"(43.53760255, -71.36521245)",327.36
"(43.53770313, -71.36517582)",324.33
"(43.5378037, -71.3651392)",321.63
"(43.53786981, -71.36508421)",320.26
"(43.53793592, -71.36502923)",319.20
"(43.53800204, -71.36497424)",317.83
"(43.53806815, -71.36491925)",316.33
"(43.53813426, -71.36486426)",314.90
"(43.53820038, -71.36480927)",313.36
"(43.53826649, -71.36475429)",311.57
"(43.5383326, -71.3646993)",309.99
"(43.53845508, -71.36465907)",307.78
"(43.53857755, -71.36461885)",305.71
"(43.53870002, -71.36457863)",303.29
"(43.5388225, -71.3645384)",300.63
"(43.53891778, -71.36454378)",299.13
"(43.53901305, -71.36454915)",297.88
"(43.53910833, -71.36455453)",296.55
"(43.5392036, -71.3645599)",295.63
"(43.5376637, -71.374763)",453.98
"(43.5377336, -71.37469445)",450.96
"(43.5378035, -71.3746259)",447.68
"(43.5379086, -71.3745228)",443.90
"(43.5380137, -71.3744197)",439.57
"(43.53807785, -71.37428023)",435.47
"(43.538142, -71.37414075)",432.68
"(43.53820615, -71.37400128)",429.25
"(43.5382703, -71.3738618)",425.10
"(43.5383403, -71.37375182)",420.85
"(43.5384103, -71.37364185)",416.48
"(43.5384803, -71.37353187)",412.13
"(43.5385503, -71.3734219)",408.17
"(43.53863392, -71.37329315)",404.31
"(43.53871755, -71.3731644)",400.55
"(43.53880118, -71.37303565)",395.84
"(43.5388848, -71.3729069)",389.84
"(43.5389859, -71.37279155)",383.71
"(43.539087, -71.3726762)",378.24
"(43.5391881, -71.37256085)",372.60
"(43.5392892, -71.3724455)",368.15
"(43.53936307, -71.37236505)",365.52
"(43.53943695, -71.3722846)",362.37
"(43.53951082, -71.37220415)",359.11
"(43.5395847, -71.3721237)",355.96
"(43.53962748, -71.37202982)",353.46
"(43.53967025, -71.37193595)",351.07
"(43.53971302, -71.37184207)",348.68
"(43.5397558, -71.3717482)",346.63
"(43.53981413, -71.37169455)",344.71
"(43.53987245, -71.3716409)",342.42
"(43.53993078, -71.37158725)",340.05
"(43.5399891, -71.3715336)",337.92
"(43.54006105, -71.37142095)",334.86
"(43.540133, -71.3713083)",333.00
"(43.54020495, -71.37119565)",330.91
"(43.5402769, -71.371083)",329.02
"(43.54033913, -71.37099985)",327.20
"(43.54040135, -71.3709167)",325.12
"(43.54046357, -71.37083355)",322.80
"(43.5405258, -71.3707504)",320.25
"(43.54059772, -71.37069408)",317.88
"(43.54066965, -71.37063775)",315.17
"(43.54074157, -71.37058142)",312.33
"(43.5408135, -71.3705251)",309.55
"(43.54088155, -71.37043927)",307.47
"(43.5409496, -71.37035345)",305.96
"(43.54101765, -71.37026762)",304.44
"(43.5410857, -71.3701818)",302.85
"(43.54114792, -71.37014155)",301.72
"(43.54121015, -71.3701013)",300.81
"(43.54127237, -71.37006105)",299.89
"(43.5413346, -71.3700208)",299.11
"(43.5414121, -71.3699137)",298.00
"(43.5414896, -71.3698066)",297.59
"(43.5384146, -71.3769454)",465.41
"(43.5384708, -71.37701825)",464.70
"(43.538527, -71.3770911)",464.32
"(43.53862422, -71.37717425)",462.37
"(43.53872145, -71.3772574)",459.85
"(43.53881868, -71.37734055)",456.96
"(43.5389159, -71.3774237)",454.68
"(43.538982, -71.37745857)",453.44
"(43.5390481, -71.37749345)",451.78
"(43.5391142, -71.37752833)",449.93
"(43.5391803, -71.3775632)",447.92
"(43.5392639, -71.37759002)",445.14
"(43.5393475, -71.37761685)",442.45
"(43.5394311, -71.37764368)",440.40
"(43.5395147, -71.3776705)",438.91
"(43.5396469, -71.3776383)",434.82
"(43.5397791, -71.3776061)",429.32
"(43.53986855, -71.37752832)",424.10
"(43.539958, -71.37745055)",418.89
"(43.54004745, -71.37737277)",414.28
"(43.5401369, -71.377295)",410.27
"(43.5402205, -71.3772199)",406.42
"(43.5403041, -71.3771448)",402.25
"(43.5403877, -71.3770697)",398.06
"(43.5404713, -71.3769946)",395.38
"(43.54054713, -71.37690607)",393.40
"(43.54062295, -71.37681755)",390.97
"(43.54069877, -71.37672903)",388.36
"(43.5407746, -71.3766405)",385.60
"(43.5408757, -71.37652785)",383.66
"(43.5409768, -71.3764152)",381.34
"(43.54106235, -71.3763079)",378.98
"(43.5411479, -71.3762006)",376.33
"(43.5411829, -71.3760558)",374.40
"(43.5412179, -71.375911)",372.24
"(43.54122958, -71.3757876)",370.59
"(43.54124125, -71.3756642)",368.26
"(43.54125292, -71.3755408)",366.49
"(43.5412646, -71.3754174)",364.53
"(43.5412714, -71.37531816)",363.67
"(43.5412782, -71.37521892)",362.25
"(43.541285, -71.37511969)",361.02
"(43.5412918, -71.37502045)",359.76
"(43.5412986, -71.37492121)",358.79
"(43.5413054, -71.37482198)",357.71
"(43.5413122, -71.37472274)",356.22
"(43.541319, -71.3746235)",354.32
"(43.54133067, -71.37446525)",350.95
"(43.54134235, -71.374307)",347.88
"(43.54135403, -71.37414875)",345.32
"(43.5413657, -71.3739905)",342.37
"(43.5414143, -71.37387785)",340.40
"(43.5414629, -71.3737652)",338.30
"(43.5415115, -71.37365255)",336.39
"(43.5415601, -71.3735399)",333.75
"(43.54161906, -71.37342745)",330.48
"(43.54167802, -71.373315)",328.31
"(43.54173699, -71.37320255)",327.15
"(43.54179595, -71.3730901)",326.49
"(43.54185491, -71.37297765)",325.67
"(43.54191387, -71.3728652)",324.71
"(43.54197284, -71.37275275)",323.89
"(43.5420318, -71.3726403)",323.40
"(43.5420517, -71.37253258)",322.38
"(43.5420716, -71.37242485)",321.56
"(43.5420915, -71.37231712)",320.89
"(43.5421114, -71.3722094)",320.37
"(43.5421313, -71.37210168)",319.99
"(43.5421512, -71.37199395)",319.36
"(43.5421711, -71.37188622)",318.59
"(43.542191, -71.3717785)",317.81
"(43.54218079, -71.37167917)",316.72
"(43.54217058, -71.37157985)",315.14
"(43.54216036, -71.37148053)",313.94
"(43.54215015, -71.3713812)",313.02
"(43.54213994, -71.37128187)",311.62
"(43.54212972, -71.37118255)",309.74
"(43.54211951, -71.37108323)",308.19
"(43.5421093, -71.3709839)",307.01
"(43.54212319, -71.37084844)",305.94
"(43.54213707, -71.37071298)",304.93
"(43.54215096, -71.37057751)",303.72
"(43.54216485, -71.37044205)",302.70
"(43.54217874, -71.37030659)",301.73
"(43.54219262, -71.37017113)",300.80
"(43.54220651, -71.37003566)",300.20
"(43.5422204, -71.3699002)",299.57
"(43.54216441, -71.3697823)",298.35
"(43.54210842, -71.3696644)",297.24
"(43.54205244, -71.3695465)",296.30
"(43.54199645, -71.3694286)",295.39
"(43.54194046, -71.3693107)",294.46
"(43.54188448, -71.3691928)",293.61
"(43.54182849, -71.3690749)",292.95
"(43.5417725, -71.368957)",292.66
"(43.5320874, -71.3774345)",545.66
"(43.53215325, -71.3774023)",545.20
"(43.5322191, -71.3773701)",544.52
"(43.53228135, -71.377295)",543.36
"(43.5323436, -71.3772199)",542.42
"(43.53244085, -71.37711795)",539.77
"(43.5325381, -71.377016)",536.29
"(43.5326042, -71.3768819)",534.32
"(43.5326703, -71.3767478)",533.09
"(43.53271305, -71.37666195)",532.60
"(43.5327558, -71.3765761)",532.79
"(43.5327908, -71.3764742)",533.27
"(43.5328258, -71.3763723)",533.00
"(43.53287255, -71.3762814)",531.59
"(43.5329193, -71.3761905)",530.30
"(43.5258562, -71.3786361)",682.69
"(43.52583675, -71.37852075)",681.43
"(43.5258173, -71.3784054)",679.09
"(43.52579785, -71.37829005)",676.20
"(43.5257784, -71.3781747)",673.28
"(43.52575895, -71.37808083)",671.19
"(43.5257395, -71.37798695)",669.70
"(43.52572005, -71.37789308)",668.91
"(43.5257006, -71.3777992)",668.44
"(43.52564615, -71.37768655)",668.09
"(43.5255917, -71.3775739)",667.43
"(43.52550225, -71.37750955)",666.69
"(43.5254128, -71.3774452)",665.88
"(43.52537, -71.37733255)",665.23
"(43.5253272, -71.3772199)",664.16
"(43.52533302, -71.37709115)",663.16
"(43.52533885, -71.3769624)",661.54
"(43.52534467, -71.37683365)",659.49
"(43.5253505, -71.3767049)",657.61
"(43.5253583, -71.37661102)",656.44
"(43.5253661, -71.37651715)",655.13
"(43.5253739, -71.37642328)",653.64
"(43.5253817, -71.3763294)",652.02
"(43.52537, -71.37615775)",649.29
"(43.5253583, -71.3759861)",646.23
"(43.5252961, -71.3758359)",644.20
"(43.5252339, -71.3756857)",642.93
"(43.5252728, -71.3755247)",640.88
"(43.52537, -71.3754389)",638.55
"(43.5254672, -71.3753531)",635.29
"(43.5255411, -71.37528335)",632.92
"(43.525615, -71.3752136)",630.68
"(43.52563835, -71.3751224)",629.50
"(43.5256617, -71.3750312)",628.75
"(43.52568505, -71.37494)",627.91
"(43.5257084, -71.3748488)",625.68
"(43.5257226, -71.37475102)",623.97
"(43.5257368, -71.37465325)",620.95
"(43.525751, -71.37455547)",618.37
"(43.5257652, -71.3744577)",616.27
"(43.52587295, -71.3743475)",613.25
"(43.5259807, -71.3742373)",610.43
"(43.526074, -71.3742051)",607.66
"(43.5261673, -71.3741729)",605.21
"(43.52620425, -71.37406293)",603.02
"(43.5262412, -71.37395295)",600.39
"(43.52627815, -71.37384298)",597.74
"(43.5263151, -71.373733)",595.47
"(43.5264046, -71.37362035)",591.74
"(43.5264941, -71.3735077)",588.77
"(43.52654855, -71.37342185)",586.19
"(43.526603, -71.373336)",583.28
"(43.52666095, -71.37324645)",580.59
"(43.5267189, -71.3731569)",577.97
"(43.5267974, -71.3730356)",573.62
"(43.52686165, -71.37292855)",569.76
"(43.5269259, -71.3728215)",566.82
"(43.5269841, -71.3727245)",564.45
"(43.52703272, -71.37264673)",563.26
"(43.52708135, -71.37256895)",562.10
"(43.52712998, -71.37249117)",559.69
"(43.5271786, -71.3724134)",557.24
"(43.5272603, -71.37237585)",555.47
"(43.527342, -71.3723383)",554.01
"(43.52742755, -71.3723168)",552.62
"(43.5275131, -71.3722953)",551.34
"(43.52757727, -71.37220948)",549.78
"(43.52764145, -71.37212365)",548.05
"(43.52770563, -71.37203782)",545.93
"(43.5277698, -71.371952)",544.11
"(43.52782815, -71.37182595)",542.05
"(43.5278865, -71.3716999)",539.83
"(43.52794485, -71.37157385)",538.08
"(43.5280032, -71.3714478)",536.81
"(43.5280557, -71.37133782)",535.36
"(43.5281082, -71.37122785)",533.71
"(43.5281607, -71.37111787)",531.36
"(43.5282132, -71.3710079)",528.81
"(43.52824625, -71.37092207)",526.65
"(43.5282793, -71.37083625)",524.77
"(43.52831235, -71.37075042)",523.26
"(43.5283454, -71.3706646)",521.82
"(43.52844655, -71.3705895)",519.51
"(43.5285477, -71.3705144)",518.26
"(43.52867215, -71.37045)",517.12
"(43.5287966, -71.3703856)",515.36
"(43.52887245, -71.37037488)",514.14
"(43.5289483, -71.37036415)",512.91
"(43.52902415, -71.37035342)",511.41
"(43.5291, -71.3703427)",510.38
"(43.5291716, -71.37034885)",509.79
"(43.5292432, -71.370355)",509.18
"(43.5261334, -71.3787743)",681.90
"(43.52620013, -71.37881058)",680.91
"(43.52626685, -71.37884685)",679.90
"(43.52633357, -71.37888313)",678.72
"(43.5264003, -71.3789194)",676.90
"(43.52649395, -71.37893355)",675.46
"(43.5265876, -71.3789477)",674.31
"(43.5267042, -71.37886165)",673.73
"(43.5268208, -71.3787756)",673.12
"(43.52691805, -71.37872195)",672.67
"(43.5270153, -71.3786683)",671.40
"(43.52713195, -71.3786361)",669.64
"(43.5272486, -71.3786039)",667.33
"(43.5273692, -71.3785717)",664.36
"(43.5274898, -71.3785395)",661.04
"(43.52758315, -71.3784537)",657.36
"(43.5276765, -71.3783679)",653.59
"(43.52774067, -71.37833837)",651.88
"(43.52780485, -71.37830885)",650.79
"(43.52786903, -71.37827932)",649.39
"(43.5279332, -71.3782498)",648.05
"(43.52801098, -71.37822568)",646.02
"(43.52808875, -71.37820155)",643.18
"(43.52816652, -71.37817742)",640.71
"(43.5282443, -71.3781533)",638.61
"(43.52837265, -71.378105)",634.70
"(43.528501, -71.3780567)",630.70
"(43.5286216, -71.3779977)",627.40
"(43.5287422, -71.3779387)",623.20
"(43.52879665, -71.37786895)",621.49
"(43.5288511, -71.3777992)",619.98
"(43.5288861, -71.37771875)",618.87
"(43.5289211, -71.3776383)",617.69
"(43.5289755, -71.3775847)",615.74
"(43.52906495, -71.37760075)",612.77
"(43.5291544, -71.3776168)",609.67
"(43.52924775, -71.37765705)",606.44
"(43.5293411, -71.3776973)",603.17
"(43.52943445, -71.37773755)",599.35
"(43.5295278, -71.3777778)",596.43
"(43.5295978, -71.37780463)",595.21
"(43.5296678, -71.37783145)",594.26
"(43.5297378, -71.37785827)",592.65
"(43.5298078, -71.3778851)",590.60
"(43.52994005, -71.3778851)",587.15
"(43.5300723, -71.3778851)",584.55
"(43.53015202, -71.37787435)",582.83
"(43.53023175, -71.3778636)",581.09
"(43.53031147, -71.37785285)",578.22
"(43.5303912, -71.3778421)",574.98
"(43.53045733, -71.37782065)",572.81
"(43.53052345, -71.3777992)",571.21
"(43.53058957, -71.37777775)",569.65
"(43.5306557, -71.3777563)",568.04
"(43.5307568, -71.3777134)",565.26
"(43.5308579, -71.3776705)",562.63
"(43.5309396, -71.37758465)",560.69
"(43.5310213, -71.3774988)",559.05
"(43.53109905, -71.37739155)",557.77
"(43.5311768, -71.3772843)",557.07
"(43.5312546, -71.3772467)",556.70
"(43.5313324, -71.3772091)",556.47
"(43.5314374, -71.3772574)",555.94
"(43.5315424, -71.3773057)",554.21
"(43.5316202, -71.37733252)",552.07
"(43.531698, -71.37735935)",550.05
"(43.5317758, -71.37738617)",548.78
"(43.5318536, -71.377413)",547.72
"(43.5319705, -71.37742375)",546.52
"(43.5320874, -71.3774345)",545.66
"(43.5322036, -71.3774452)",544.56
"(43.53232025, -71.37745055)",542.91
"(43.5324369, -71.3774559)",540.90
"(43.5325458, -71.377472)",538.98
"(43.5326547, -71.3774881)",536.89
"(43.53277525, -71.37742375)",533.74
"(43.5328958, -71.3773594)",531.37
"(43.5330047, -71.3773379)",529.96
"(43.5331136, -71.3773164)",528.42
"(43.5332264, -71.3773218)",526.56
"(43.5333392, -71.3773272)",524.44
"(43.53346365, -71.3773379)",521.95
"(43.5335881, -71.3773486)",520.69
"(43.533662, -71.37732715)",519.67
"(43.5337359, -71.3773057)",518.74
"(43.5338098, -71.37728425)",518.09
"(43.5338837, -71.3772628)",517.60
"(43.53396925, -71.37719305)",517.03
"(43.5340548, -71.3771233)",516.38
"(43.53414425, -71.37705355)",515.51
"(43.5342337, -71.3769838)",514.72
"(43.53432315, -71.37694625)",513.78
"(43.5344126, -71.3769087)",512.90
"(43.53453315, -71.3768819)",511.10
"(43.5346537, -71.3768551)",508.75
"(43.53475675, -71.37682292)",506.93
"(43.5348598, -71.37679075)",505.51
"(43.53496285, -71.37675857)",503.80
"(43.5350659, -71.3767264)",501.52
"(43.5351615, -71.3766317)",499.84
"(43.5384146, -71.3769454)",465.41
"(43.53847855, -71.3768198)",461.39
"(43.5385425, -71.3766942)",456.22
"(43.5386594, -71.3766239)",450.76
"(43.5387763, -71.3765536)",443.64
"(43.53888885, -71.3764737)",437.58
"(43.5390014, -71.3763938)",432.14
"(43.53904612, -71.37632138)",429.15
"(43.53909085, -71.37624895)",426.90
"(43.53913557, -71.37617653)",424.26
"(43.5391803, -71.3761041)",421.78
"(43.53920752, -71.37599413)",418.46
"(43.53923475, -71.37588415)",414.81
"(43.53926198, -71.37577418)",411.02
"(43.5392892, -71.3756642)",406.12
"(43.53933002, -71.3755596)",401.04
"(43.53937085, -71.375455)",396.16
"(43.53941167, -71.3753504)",391.98
"(43.5394525, -71.3752458)",388.97
"(43.53949918, -71.37516533)",385.89
"(43.53954585, -71.37508485)",383.28
"(43.53959253, -71.37500438)",380.77
"(43.5396392, -71.3749239)",378.73
"(43.5396878, -71.37483002)",376.57
"(43.5397364, -71.37473615)",375.23
"(43.539785, -71.37464227)",373.68
"(43.5398336, -71.3745484)",371.93
"(43.5398822, -71.37446793)",370.29
"(43.5399308, -71.37438745)",368.92
"(43.5399794, -71.37430697)",367.43
"(43.540028, -71.3742265)",366.09
"(43.5400708, -71.3740924)",364.14
"(43.5401136, -71.3739583)",362.46
"(43.54019135, -71.37388855)",361.44
"(43.5402691, -71.3738188)",360.11
"(43.54034883, -71.3737464)",358.30
"(43.54042855, -71.373674)",355.54
"(43.54050828, -71.3736016)",352.01
"(43.540588, -71.3735292)",347.52
"(43.54066965, -71.373438)",343.73
"(43.5407513, -71.3733468)",341.28
"(43.54083295, -71.3732556)",338.99
"(43.5409146, -71.3731644)",336.57
"(43.54096905, -71.37309465)",334.81
"(43.5410235, -71.3730249)",333.38
"(43.54107795, -71.37295515)",332.26
"(43.5411324, -71.3728854)",331.58
"(43.54117518, -71.3728103)",330.68
"(43.54121795, -71.3727352)",329.04
"(43.54126073, -71.3726601)",326.53
"(43.5413035, -71.372585)",323.92
"(43.54135795, -71.37245625)",321.43
"(43.5414124, -71.3723275)",319.73
"(43.5414299, -71.37222827)",318.84
"(43.5414474, -71.37212905)",317.99
"(43.5414649, -71.37202982)",317.04
"(43.5414824, -71.3719306)",316.02
"(43.54152322, -71.37183402)",314.77
"(43.54156405, -71.37173745)",313.33
"(43.54160487, -71.37164087)",312.11
"(43.5416457, -71.3715443)",310.71
"(43.5417118, -71.3713834)",309.10
"(43.5417779, -71.3712225)",308.04
"(43.541879, -71.371142)",307.64
"(43.5419801, -71.3710615)",307.23
"(43.5420447, -71.3710227)",307.12
"(43.5421093, -71.3709839)",307.01
"(43.5328336, -71.3641736)",438.48
"(43.53296585, -71.36416825)",438.00
"(43.5330981, -71.3641629)",435.34
"(43.5331681, -71.36416023)",433.90
"(43.5332381, -71.36415755)",432.65
"(43.5333081, -71.36415487)",431.67
"(43.5333781, -71.3641522)",431.05
"(43.5335006, -71.36412538)",429.38
"(43.5336231, -71.36409855)",427.35
"(43.5337456, -71.36407173)",424.84
"(43.5338681, -71.3640449)",421.59
"(43.53399837, -71.36402075)",417.34
"(43.53412865, -71.3639966)",413.96
"(43.53425893, -71.36397245)",411.11
"(43.5343892, -71.3639483)",407.91
"(43.53448642, -71.36393757)",405.70
"(43.53458365, -71.36392685)",404.18
"(43.53468087, -71.36391613)",403.04
"(43.5347781, -71.3639054)",400.34
"(43.5348695, -71.36390002)",397.13
"(43.5349609, -71.36389465)",394.53
"(43.5350523, -71.36388927)",392.09
"(43.5351437, -71.3638839)",389.30
"(43.53524482, -71.36387318)",385.65
"(43.53534595, -71.36386245)",382.04
"(43.53544708, -71.36385172)",378.17
"(43.5355482, -71.363841)",374.77
"(43.53562403, -71.36384905)",372.09
"(43.53569985, -71.3638571)",369.85
"(43.53577567, -71.36386515)",367.75
"(43.5358515, -71.3638732)",365.27
"(43.53595845, -71.36386515)",361.73
"(43.5360654, -71.3638571)",358.47
"(43.53617235, -71.36384905)",354.97
"(43.5362793, -71.363841)",351.33
"(43.5363979, -71.36383565)",347.70
"(43.5365165, -71.3638303)",344.65
"(43.5366351, -71.36382495)",342.86
"(43.5367537, -71.3638196)",340.94
"(43.5368412, -71.36382228)",339.28
"(43.5369287, -71.36382495)",337.31
"(43.5370162, -71.36382762)",335.05
"(43.5371037, -71.3638303)",332.73
"(43.53721453, -71.3638303)",330.06
"(43.53732535, -71.3638303)",327.53
"(43.53743618, -71.3638303)",325.56
"(43.537547, -71.3638303)",323.46
"(43.53765395, -71.3638437)",320.92
"(43.5377609, -71.3638571)",319.05
"(43.53786785, -71.3638705)",317.27
"(43.5379748, -71.3638839)",315.19
"(43.5381031, -71.36391075)",312.10
"(43.5382314, -71.3639376)",308.50
"(43.53830335, -71.3639376)",306.47
"(43.5383753, -71.3639376)",304.58
"(43.53844725, -71.3639376)",302.51
"(43.5385192, -71.3639376)",300.72
"(43.53860865, -71.3639054)",298.70
"(43.5386981, -71.3638732)",297.50
"(43.53877585, -71.3639376)",297.26
"(43.5388536, -71.364002)",297.13
"(43.53891972, -71.36407173)",296.96
"(43.53898585, -71.36414145)",296.63
"(43.53905198, -71.36421118)",296.18
"(43.5391181, -71.3642809)",295.86
"(43.53916865, -71.364356)",295.66
"(43.5392192, -71.3644311)",295.52
"(43.5328336, -71.3641736)",438.48
"(43.53290822, -71.36403498)",438.10
"(43.53298285, -71.36389635)",436.58
"(43.53305747, -71.36375772)",434.94
"(43.5331321, -71.3636191)",432.63
"(43.53314888, -71.36351365)",431.59
"(43.53316565, -71.3634082)",430.31
"(43.53318242, -71.36330275)",428.35
"(43.5331992, -71.3631973)",427.53
"(43.53324002, -71.36310075)",426.90
"(43.53328085, -71.3630042)",425.97
"(43.53332167, -71.36290765)",425.50
"(43.5333625, -71.3628111)",424.71
"(43.53342475, -71.36266625)",423.48
"(43.533487, -71.3625214)",421.74
"(43.53352978, -71.36240605)",420.11
"(43.53357255, -71.3622907)",417.50
"(43.53361532, -71.36217535)",415.25
"(43.5336581, -71.36206)",413.84
"(43.53368337, -71.3619554)",412.63
"(43.53370865, -71.3618508)",411.34
"(43.53373392, -71.3617462)",410.19
"(43.5337592, -71.3616416)",408.80
"(43.53386035, -71.36155575)",406.68
"(43.5339615, -71.3614699)",405.03
"(43.5340276, -71.3613653)",403.24
"(43.5340937, -71.3612607)",400.59
"(43.5341598, -71.3611561)",397.45
"(43.5342259, -71.3610515)",394.82
"(43.53427063, -71.36096835)",393.25
"(43.53431535, -71.3608852)",391.60
"(43.53436007, -71.36080205)",389.89
"(43.5344048, -71.3607189)",388.49
"(43.53448842, -71.36063575)",386.65
"(43.53457205, -71.3605526)",384.41
"(43.53465567, -71.36046945)",383.24
"(43.5347393, -71.3603863)",381.57
"(43.53482485, -71.36031658)",379.18
"(43.5349104, -71.36024685)",376.93
"(43.53499595, -71.36017713)",374.46
"(43.5350815, -71.3601074)",371.64
"(43.53514955, -71.36005108)",369.72
"(43.5352176, -71.35999475)",367.74
"(43.53528565, -71.35993842)",366.47
"(43.5353537, -71.3598821)",365.50
"(43.53541983, -71.35983382)",364.60
"(43.53548595, -71.35978555)",363.10
"(43.53555207, -71.35973728)",361.64
"(43.5356182, -71.359689)",360.58
"(43.53573095, -71.35978015)",357.82
"(43.5358437, -71.3598713)",354.36
"(43.5359448, -71.35995715)",351.16
"(43.5360459, -71.360043)",348.96
"(43.53608675, -71.36012347)",348.30
"(43.5361276, -71.36020395)",347.03
"(43.53616845, -71.36028443)",345.56
"(43.5362093, -71.3603649)",344.07
"(43.5362443, -71.3605312)",341.92
"(43.5362793, -71.3606975)",340.10
"(43.53628122, -71.3608021)",339.53
"(43.53628315, -71.3609067)",339.08
"(43.53628508, -71.3610113)",338.53
"(43.536287, -71.3611159)",338.14
"(43.5363259, -71.3612661)",337.07
"(43.5363648, -71.3614163)",336.29
"(43.53645035, -71.3615343)",335.29
"(43.5365359, -71.3616523)",334.47
"(43.53657675, -71.36173545)",334.21
"(43.5366176, -71.3618186)",334.04
"(43.53665845, -71.36190175)",333.77
"(43.5366993, -71.3619849)",333.52
"(43.5367518, -71.3620466)",333.00
"(43.5368043, -71.3621083)",332.59
"(43.5368568, -71.36217)",332.03
"(43.5369093, -71.3622317)",331.42
"(43.5369929, -71.3623229)",330.66
"(43.5370765, -71.3624141)",329.80
"(43.5371601, -71.3625053)",328.56
"(43.5372437, -71.3625965)",327.19
"(43.5372826, -71.36275205)",326.55
"(43.5373215, -71.3629076)",326.19
"(43.53739535, -71.3630256)",324.60
"(43.5374692, -71.3631436)",322.85
"(43.53753727, -71.36315702)",320.99
"(43.53760535, -71.36317045)",319.34
"(43.53767343, -71.36318388)",317.70
"(43.5377415, -71.3631973)",316.05
"(43.53785233, -71.36325095)",313.05
"(43.53796315, -71.3633046)",310.18
"(43.53807398, -71.36335825)",306.86
"(43.5381848, -71.3634119)",303.99
"(43.53826063, -71.36346553)",302.24
"(43.53833645, -71.36351915)",300.92
"(43.53841227, -71.36357277)",300.02
"(43.5384881, -71.3636264)",299.38
"(43.5385406, -71.3636881)",299.00
"(43.5385931, -71.3637498)",298.49
"(43.5386456, -71.3638115)",297.80
"(43.5386981, -71.3638732)",297.50
"(43.5264816, -71.3780009)",671.00
"(43.5264396, -71.3778851)",669.62
"(43.5263696, -71.3777885)",668.06
"(43.5262996, -71.3776919)",667.30
"(43.52632295, -71.37750955)",665.43
"(43.5263463, -71.3773272)",661.84
"(43.5263424, -71.37718235)",658.63
"(43.5263385, -71.3770375)",654.56
"(43.52639685, -71.3769141)",650.47
"(43.5264552, -71.3767907)",645.47
"(43.52640075, -71.3766834)",643.01
"(43.5263463, -71.3765761)",641.70
"(43.5263074, -71.3764259)",639.73
"(43.5262685, -71.3762757)",638.07
"(43.52632295, -71.3762006)",636.25
"(43.5263774, -71.3761255)",634.13
"(43.52644353, -71.37608795)",632.17
"(43.52650965, -71.3760504)",629.83
"(43.52657577, -71.37601285)",627.73
"(43.5266419, -71.3759753)",625.62
"(43.52672745, -71.37586805)",621.73
"(43.526813, -71.3757608)",616.01
"(43.5268791, -71.37561055)",609.45
"(43.5269452, -71.3754603)",603.72
"(43.52696273, -71.37529133)",598.89
"(43.52698025, -71.37512235)",594.46
"(43.52699777, -71.37495337)",590.62
"(43.5270153, -71.3747844)",586.72
"(43.5270503, -71.37463958)",583.87
"(43.5270853, -71.37449475)",581.38
"(43.5271203, -71.37434992)",578.80
"(43.5271553, -71.3742051)",575.80
"(43.52718058, -71.3740522)",572.94
"(43.52720585, -71.3738993)",570.87
"(43.52723113, -71.3737464)",568.59
"(43.5272564, -71.3735935)",566.32
"(43.52728362, -71.37349695)",564.02
"(43.52731085, -71.3734004)",562.04
"(43.52733808, -71.37330385)",560.04
"(43.5273653, -71.3732073)",558.63
"(43.5275347, -71.3777205)",649.29
"(43.52759, -71.37761505)",646.34
"(43.5276453, -71.3775096)",643.55
"(43.527692, -71.3774345)",641.31
"(43.5277387, -71.3773594)",639.17
"(43.52781842, -71.37730842)",636.59
"(43.52789815, -71.37725745)",633.86
"(43.52797787, -71.37720648)",631.13
"(43.5280576, -71.3771555)",628.96
"(43.5281432, -71.37711795)",627.17
"(43.5282288, -71.3770804)",624.97
"(43.5282988, -71.3769731)",621.04
"(43.5283688, -71.3768658)",616.27
"(43.52845825, -71.3768551)",614.39
"(43.5285477, -71.3768444)",612.24
"(43.52861187, -71.3768149)",609.92
"(43.52867605, -71.3767854)",607.60
"(43.52874022, -71.3767559)",605.16
"(43.5288044, -71.3767264)",602.84
"(43.52888995, -71.3766459)",598.90
"(43.5289755, -71.3765654)",594.91
"(43.52905523, -71.37651445)",592.51
"(43.52913495, -71.3764635)",590.50
"(43.52921467, -71.37641255)",588.48
"(43.5292944, -71.3763616)",586.32
"(43.52939552, -71.37631332)",583.34
"(43.52949665, -71.37626505)",579.65
"(43.52959777, -71.37621678)",576.28
"(43.5296989, -71.3761685)",573.60
"(43.52980003, -71.3761229)",571.88
"(43.52990115, -71.3760773)",569.96
"(43.53000228, -71.3760317)",567.09
"(43.5301034, -71.3759861)",563.79
"(43.5301773, -71.37594315)",561.12
"(43.5302512, -71.3759002)",558.82
"(43.53031732, -71.37584657)",556.86
"(43.53038345, -71.37579295)",555.03
"(43.53044958, -71.37573933)",553.33
"(43.5305157, -71.3756857)",552.04
"(43.53057988, -71.3756374)",551.22
"(43.53064405, -71.3755891)",550.17
"(43.53070822, -71.3755408)",548.87
"(43.5307724, -71.3754925)",547.08
"(43.53088515, -71.37543885)",544.92
"(43.5309979, -71.3753852)",542.35
"(43.53110295, -71.37536375)",540.50
"(43.531208, -71.3753423)",539.29
"(43.531278, -71.37539595)",538.94
"(43.531348, -71.3754496)",538.44
"(43.5314063, -71.3755998)",538.92
"(43.5314646, -71.37575)",540.28
"(43.53148405, -71.37585193)",540.98
"(43.5315035, -71.37595385)",541.41
"(43.53152295, -71.37605577)",541.39
"(43.5315424, -71.3761577)",541.79
"(43.5315774, -71.3762972)",542.69
"(43.5316124, -71.3764367)",544.39
"(43.53166617, -71.37649722)",544.71
"(43.53171995, -71.37655775)",544.66
"(43.53177372, -71.37661827)",544.31
"(43.5318275, -71.3766788)",544.31
"(43.5323999, -71.3666728)",455.56
"(43.53250155, -71.3667228)",454.10
"(43.5326032, -71.3667728)",451.49
"(43.53270485, -71.3668228)",448.18
"(43.5328065, -71.3668728)",444.45
"(43.53286615, -71.36682856)",443.24
"(43.5329258, -71.36678432)",441.89
"(43.53298545, -71.36674009)",441.00
"(43.5330451, -71.36669585)",439.75
"(43.53310475, -71.36665161)",438.32
"(43.5331644, -71.36660738)",436.80
"(43.53322405, -71.36656314)",435.24
"(43.5332837, -71.3665189)",433.78
"(43.53335091, -71.36655296)",432.26
"(43.53341812, -71.36658703)",429.99
"(43.53348534, -71.36662109)",427.28
"(43.53355255, -71.36665515)",425.68
"(43.53361976, -71.36668921)",423.25
"(43.53368697, -71.36672327)",420.46
"(43.53375419, -71.36675734)",417.54
"(43.5338214, -71.3667914)",414.64
"(43.53388752, -71.36675385)",412.04
"(43.53395365, -71.3667163)",409.33
"(43.53401978, -71.36667875)",406.80
"(43.5340859, -71.3666412)",404.80
"(43.53417923, -71.36667875)",402.55
"(43.53427255, -71.3667163)",400.92
"(43.53436587, -71.36675385)",399.94
"(43.5344592, -71.3667914)",398.80
"(43.53454283, -71.3667941)",397.14
"(43.53462645, -71.3667968)",395.40
"(43.53471008, -71.3667995)",393.78
"(43.5347937, -71.3668022)",392.10
"(43.53487537, -71.36681025)",390.43
"(43.53495705, -71.3668183)",389.24
"(43.53503872, -71.36682635)",387.35
"(43.5351204, -71.3668344)",384.98
"(43.53521177, -71.36685585)",382.09
"(43.53530315, -71.3668773)",379.44
"(43.53539453, -71.36689875)",376.40
"(43.5354859, -71.3669202)",373.54
"(43.53555203, -71.3669658)",371.27
"(43.53561815, -71.3670114)",368.95
"(43.53568427, -71.367057)",366.59
"(43.5357504, -71.3671026)",364.80
"(43.5431077, -71.3723812)",335.88
"(43.5431777, -71.37226855)",335.75
"(43.5432477, -71.3721559)",336.16
"(43.54326133, -71.3720647)",335.86
"(43.54327495, -71.3719735)",335.51
"(43.54328857, -71.3718823)",334.78
"(43.5433022, -71.3717911)",333.97
"(43.5433167, -71.37167355)",332.70
"(43.5433312, -71.371556)",331.97
"(43.5433478, -71.3714214)",331.32
"(43.5433644, -71.3712868)",330.26
"(43.54337665, -71.37115943)",329.29
"(43.5433889, -71.37103205)",328.61
"(43.54340115, -71.37090467)",327.94
"(43.5434134, -71.3707773)",326.97
"(43.543411, -71.3707718)",326.77
"(43.54340618, -71.37066602)",325.11
"(43.54340135, -71.37056025)",323.75
"(43.54339652, -71.37045448)",322.34
"(43.5433917, -71.3703487)",320.89
"(43.5433895, -71.3702742)",320.07
"(43.5433877, -71.3702139)",319.56
"(43.54335855, -71.37011735)",318.79
"(43.5433294, -71.3700208)",317.79
"(43.54330025, -71.36992425)",316.41
"(43.5432711, -71.3698277)",315.15
"(43.54322833, -71.36971238)",313.51
"(43.54318555, -71.36959705)",311.30
"(43.54314278, -71.36948173)",309.46
"(43.5431, -71.3693664)",307.37
"(43.54302417, -71.36925375)",304.57
"(43.54294835, -71.3691411)",301.57
"(43.54287252, -71.36902845)",299.37
"(43.5427967, -71.3689158)",297.45
"(43.5427267, -71.36883265)",295.96
"(43.5426567, -71.3687495)",294.25
"(43.5425867, -71.36866635)",292.66
"(43.5425167, -71.3685832)",291.20
"(43.54244615, -71.36848205)",290.21
"(43.5423756, -71.3683809)",289.40
"(43.54230505, -71.36827975)",288.73
"(43.5422345, -71.3681786)",287.98
"(43.5431077, -71.3723812)",335.88
"(43.54302785, -71.37242065)",335.36
"(43.542948, -71.3724601)",334.49
"(43.54288155, -71.37249295)",333.50
"(43.5428151, -71.3725258)",332.40
"(43.5426965, -71.37253655)",330.36
"(43.5425779, -71.3725473)",328.12
"(43.542469, -71.3724507)",325.85
"(43.5424515, -71.37230585)",324.44
"(43.542434, -71.372161)",323.33
"(43.5424515, -71.3720135)",321.96
"(43.542469, -71.371866)",320.89
"(43.54252345, -71.3717131)",319.63
"(43.5425779, -71.3715602)",318.22
"(43.54259815, -71.37142345)",316.92
"(43.5426184, -71.3712867)",315.50
"(43.54262383, -71.3711878)",314.57
"(43.54262925, -71.3710889)",313.66
"(43.54263468, -71.37099)",312.99
"(43.5426401, -71.3708911)",312.21
"(43.5426314, -71.3707443)",310.71
"(43.5426227, -71.3705975)",309.29
"(43.54261335, -71.37048235)",308.22
"(43.542604, -71.3703672)",307.15
"(43.5425901, -71.3701959)",305.34
"(43.542564, -71.3700483)",303.53
"(43.54253255, -71.36987035)",301.54
"(43.5425011, -71.3696924)",299.40
"(43.5424848, -71.36958452)",298.39
"(43.5424685, -71.36947665)",297.19
"(43.5424522, -71.36936877)",295.84
"(43.5424359, -71.3692609)",294.75
"(43.54242015, -71.3691575)",293.79
"(43.5424044, -71.3690541)",292.96
"(43.54238865, -71.3689507)",292.27
"(43.5423729, -71.3688473)",291.57
"(43.5423383, -71.36868012)",290.53
"(43.5423037, -71.36851295)",289.70
"(43.5422691, -71.36834577)",288.72
"(43.5422345, -71.3681786)",287.98
"(43.542948, -71.3724601)",334.49
"(43.54290174, -71.37234761)",333.48
"(43.54285547, -71.37223513)",330.36
"(43.54280921, -71.37212264)",327.42
"(43.54276295, -71.37201015)",325.04
"(43.54271669, -71.37189766)",322.38
"(43.54267042, -71.37178517)",320.52
"(43.54262416, -71.37167269)",319.17
"(43.5425779, -71.3715602)",318.22
"(43.5331321, -71.3636191)",432.63
"(43.5332461, -71.36356192)",430.68
"(43.5333601, -71.36350475)",428.12
"(43.5334741, -71.36344758)",425.44
"(43.5335881, -71.3633904)",422.44
"(43.53367365, -71.36330995)",420.00
"(43.5337592, -71.3632295)",417.75
"(43.53382145, -71.36311685)",416.31
"(43.5338837, -71.3630042)",413.72
"(43.5339537, -71.3629291)",412.20
"(43.5340237, -71.362854)",410.53
"(43.534117, -71.3628701)",408.23
"(43.5342103, -71.3628862)",406.49
"(43.534327, -71.3628808)",403.58
"(43.5344437, -71.3628754)",400.93
"(43.53455645, -71.3628003)",397.99
"(43.5346692, -71.3627252)",395.04
"(43.5347256, -71.36266083)",392.96
"(43.534782, -71.36259645)",390.91
"(43.5348384, -71.36253207)",389.01
"(43.5348948, -71.3624677)",386.48
"(43.5350037, -71.36241945)",382.40
"(43.5351126, -71.3623712)",379.10
"(43.5351826, -71.3623846)",377.77
"(43.5352526, -71.362398)",376.58
"(43.5353226, -71.3624114)",375.03
"(43.5353926, -71.3624248)",373.27
"(43.53548205, -71.362457)",370.49
"(43.5355715, -71.3624892)",367.34
"(43.53566095, -71.3625214)",363.86
"(43.5357504, -71.3625536)",360.48
"(43.53583012, -71.3625804)",357.72
"(43.53590985, -71.3626072)",354.98
"(43.53598958, -71.362634)",352.34
"(43.5360693, -71.3626608)",349.62
"(43.53616458, -71.36268763)",346.68
"(43.53625985, -71.36271445)",344.66
"(43.53635513, -71.36274127)",343.31
"(43.5364504, -71.3627681)",342.01
"(43.53654373, -71.36279493)",340.84
"(43.53663705, -71.36282175)",339.87
"(43.53673037, -71.36284857)",338.62
"(43.5368237, -71.3628754)",337.18
"(43.53689565, -71.3628754)",336.21
"(43.5369676, -71.3628754)",334.66
"(43.53703955, -71.3628754)",332.79
"(43.5371115, -71.3628754)",330.84
"(43.5372165, -71.3628915)",328.37
"(43.5373215, -71.3629076)",326.19
"(43.5323999, -71.3666728)",455.56
"(43.5323951, -71.3665229)",456.23
"(43.5323903, -71.366373)",458.17
"(43.5323864, -71.36623355)",459.44
"(43.5323825, -71.3660941)",460.43
"(43.5323864, -71.36597605)",461.11
"(43.5323903, -71.365858)",461.85
"(43.53240195, -71.36573465)",463.07
"(43.5324136, -71.3656113)",461.47
"(43.53246805, -71.365504)",460.39
"(43.5325225, -71.3653967)",459.31
"(43.53254195, -71.3652894)",457.82
"(43.5325614, -71.3651821)",456.13
"(43.53258085, -71.3650748)",454.99
"(43.5326003, -71.3649675)",453.41
"(43.53262752, -71.36484145)",450.78
"(43.53265475, -71.3647154)",448.26
"(43.53268198, -71.36458935)",446.01
"(43.5327092, -71.3644633)",443.77
"(43.5327714, -71.36431845)",439.87
"(43.5328336, -71.3641736)",438.48
"(43.5332837, -71.3665189)",433.78
"(43.53330755, -71.36637085)",433.79
"(43.5333314, -71.3662228)",433.44
"(43.5333489, -71.3661316)",432.68
"(43.5333664, -71.3660404)",431.28
"(43.5333839, -71.3659492)",429.83
"(43.5334014, -71.365858)",429.07
"(43.53344612, -71.3657829)",427.68
"(43.53349085, -71.3657078)",426.91
"(43.53353558, -71.3656327)",426.07
"(43.5335803, -71.3655576)",424.94
"(43.53365615, -71.36549593)",423.49
"(43.533732, -71.36543425)",422.36
"(43.53380785, -71.36537257)",421.45
"(43.5338837, -71.3653109)",420.12
"(43.5292432, -71.370355)",509.18
"(43.5293631, -71.3702949)",507.50
"(43.529483, -71.3702348)",504.90
"(43.52955495, -71.3701436)",501.97
"(43.5296269, -71.3700524)",498.19
"(43.52969885, -71.3699612)",495.05
"(43.5297708, -71.36987)",493.31
"(43.52979998, -71.36977613)",492.44
"(43.52982915, -71.36968225)",491.95
"(43.52985832, -71.36958838)",491.59
"(43.5298875, -71.3694945)",491.42
"(43.52997695, -71.36938185)",492.44
"(43.5300664, -71.3692692)",492.43
"(43.53013058, -71.36917533)",492.37
"(43.53019475, -71.36908145)",492.10
"(43.53025892, -71.36898758)",491.46
"(43.5303231, -71.3688937)",490.81
"(43.5304106, -71.3688159)",490.72
"(43.5304981, -71.3687381)",490.42
"(43.5305856, -71.3686603)",489.63
"(43.5306731, -71.3685825)",488.70
"(43.53074895, -71.368553)",487.65
"(43.5308248, -71.3685235)",486.54
"(43.53090065, -71.368494)",485.35
"(43.5309765, -71.3684645)",483.96
"(43.5310854, -71.368435)",482.89
"(43.5311943, -71.3684055)",482.40
"(43.5313032, -71.368376)",481.10
"(43.5314121, -71.3683465)",479.39
"(43.53146847, -71.36827408)",478.20
"(43.53152485, -71.36820165)",475.79
"(43.53158122, -71.36812923)",473.83
"(43.5316376, -71.3680568)",471.91
"(43.53169595, -71.36797635)",470.42
"(43.5317543, -71.3678959)",468.79
"(43.53181265, -71.36781545)",467.08
"(43.531871, -71.367735)",465.23
"(43.531906, -71.3676438)",464.27
"(43.531941, -71.3675526)",463.83
"(43.531976, -71.3674614)",463.39
"(43.532011, -71.3673702)",462.57
"(43.53206545, -71.36725755)",461.55
"(43.5321199, -71.3671449)",460.70
"(43.53217435, -71.36703225)",459.39
"(43.5322288, -71.3669196)",458.47
"(43.53231435, -71.3667962)",456.91
"(43.5323999, -71.3666728)",455.56
"(43.5357504, -71.3671026)",364.80
"(43.53581262, -71.36705432)",363.35
"(43.53587485, -71.36700605)",362.09
"(43.53593707, -71.36695778)",361.37
"(43.5359993, -71.3669095)",360.29
"(43.5361041, -71.36683285)",358.60
"(43.5362089, -71.3667562)",356.68
"(43.5362752, -71.36669335)",355.22
"(43.5363415, -71.3666305)",353.60
"(43.53640955, -71.3665849)",352.74
"(43.5364776, -71.3665393)",351.73
"(43.53654565, -71.3664937)",350.66
"(43.5366137, -71.3664481)",348.98
"(43.5366837, -71.36644542)",347.92
"(43.5367537, -71.36644275)",347.16
"(43.5368237, -71.36644007)",346.59
"(43.5368937, -71.3664374)",346.02
"(43.5370259, -71.36644815)",344.88
"(43.5371581, -71.3664589)",343.99
"(43.53723588, -71.36640255)",343.33
"(43.53731365, -71.3663462)",342.43
"(43.53739142, -71.36628985)",340.73
"(43.5374692, -71.3662335)",338.25
"(43.5375781, -71.36616378)",334.33
"(43.537687, -71.36609405)",331.13
"(43.5377959, -71.36602432)",328.79
"(43.5379048, -71.3659546)",326.78
"(43.5292432, -71.370355)",509.18
"(43.52929475, -71.37046635)",508.85
"(43.5293463, -71.3705777)",508.49
"(43.5293949, -71.37066085)",508.25
"(43.5294435, -71.370744)",507.99
"(43.52955185, -71.3707187)",506.12
"(43.5296602, -71.3706934)",503.36
"(43.52975545, -71.37063255)",500.88
"(43.5298507, -71.3705717)",498.71
"(43.52994595, -71.37051085)",496.14
"(43.5300412, -71.37045)",492.59
"(43.5301151, -71.37040708)",489.52
"(43.530189, -71.37036415)",487.30
"(43.5302629, -71.37032122)",485.34
"(43.5303368, -71.3702783)",484.08
"(43.5304379, -71.37032125)",482.48
"(43.530539, -71.3703642)",481.45
"(43.5306129, -71.3704393)",480.86
"(43.5306868, -71.3705144)",479.25
"(43.5307996, -71.3705841)",475.35
"(43.5309124, -71.3706538)",471.24
"(43.53099017, -71.37063502)",468.87
"(43.53106795, -71.37061625)",466.70
"(43.53114573, -71.37059747)",464.82
"(43.5312235, -71.3705787)",464.12
"(43.531311, -71.37055187)",463.61
"(43.5313985, -71.37052505)",462.42
"(43.531486, -71.37049823)",460.36
"(43.5315735, -71.3704714)",458.67
"(43.5316941, -71.37045535)",456.51
"(43.5318147, -71.3704393)",453.56
"(43.53192745, -71.37045535)",449.68
"(43.5320402, -71.3704714)",446.03
"(43.5321141, -71.37046605)",443.56
"(43.532188, -71.3704607)",441.04
"(43.5322619, -71.37045535)",438.92
"(43.5323358, -71.37045)",437.03
"(43.53242915, -71.37033195)",434.30
"(43.5325225, -71.3702139)",431.92
"(43.53260028, -71.37013612)",430.32
"(43.53267805, -71.37005835)",428.80
"(43.53275582, -71.36998057)",427.24
"(43.5328336, -71.3699028)",425.71
"(43.5329114, -71.36982233)",423.80
"(43.5329892, -71.36974185)",421.63
"(43.533067, -71.36966137)",419.28
"(43.5331448, -71.3695809)",416.93
"(43.53320703, -71.36951923)",414.90
"(43.53326925, -71.36945755)",412.99
"(43.53333147, -71.36939587)",411.13
"(43.5333937, -71.3693342)",409.30
"(43.53346175, -71.3692725)",407.13
"(43.5335298, -71.3692108)",404.90
"(43.53359785, -71.3691491)",402.85
"(43.5336659, -71.3690874)",401.12
"(43.5337534, -71.36902302)",399.23
"(43.5338409, -71.36895865)",396.87
"(43.5339284, -71.36889428)",395.10
"(43.5340159, -71.3688299)",393.22
"(43.53408007, -71.3687843)",391.82
"(43.53414425, -71.3687387)",390.71
"(43.53420843, -71.3686931)",389.85
"(43.5342726, -71.3686475)",389.17
"(43.5343635, -71.3685551)",388.03
"(43.5344544, -71.3684627)",386.20
"(43.53451125, -71.3684049)",384.60
"(43.5345681, -71.3683471)",383.78
"(43.53463033, -71.36829615)",382.51
"(43.53469255, -71.3682452)",381.57
"(43.53475477, -71.36819425)",380.67
"(43.534817, -71.3681433)",379.78
"(43.53489285, -71.36807625)",378.86
"(43.5349687, -71.3680092)",377.63
"(43.53504455, -71.36794215)",376.57
"(43.5351204, -71.3678751)",375.67
"(43.535169, -71.3677973)",374.77
"(43.5352176, -71.3677195)",374.27
"(43.5352662, -71.3676417)",373.87
"(43.5353148, -71.3675639)",373.52
"(43.53536925, -71.36749952)",372.74
"(43.5354237, -71.36743515)",371.83
"(43.53547815, -71.36737078)",371.08
"(43.5355326, -71.3673064)",370.00
"(43.5356415, -71.3672045)",367.56
"(43.5357504, -71.3671026)",364.80
"(43.5379048, -71.3659546)",326.78
"(43.5379937, -71.3659218)",325.32
"(43.5381199, -71.3658752)",322.91
"(43.53819212, -71.36584854)",321.17
"(43.53826435, -71.36582188)",319.69
"(43.53833658, -71.36579521)",318.14
"(43.5384088, -71.36576855)",316.70
"(43.53848102, -71.36574189)",315.26
"(43.53855325, -71.36571523)",313.64
"(43.53862548, -71.36568856)",312.02
"(43.5386977, -71.3656619)",310.80
"(43.53880815, -71.3656635)",309.13
"(43.5389186, -71.3656651)",307.14
"(43.53900754, -71.36566639)",305.27
"(43.53909648, -71.36566767)",303.55
"(43.53918541, -71.36566896)",302.47
"(43.53927435, -71.36567025)",301.52
"(43.53936329, -71.36567154)",300.68
"(43.53945222, -71.36567282)",299.93
"(43.53954116, -71.36567411)",299.19
"(43.5396301, -71.3656754)",298.18
"(43.53972655, -71.36569215)",296.77
"(43.539823, -71.3657089)",295.49
"(43.53992215, -71.36580815)",294.59
"(43.5400213, -71.3659074)",293.42
"(43.54009217, -71.3659635)",292.68
"(43.54016305, -71.3660196)",291.75
"(43.54023393, -71.3660757)",290.76
"(43.5403048, -71.3661318)",289.56
"(43.5273653, -71.3732073)",558.63
"(43.5274256, -71.37316438)",557.64
"(43.5274859, -71.37312145)",556.56
"(43.5275462, -71.37307852)",555.63
"(43.5276065, -71.3730356)",554.09
"(43.52766678, -71.37298465)",552.78
"(43.52772705, -71.3729337)",551.50
"(43.52778732, -71.37288275)",550.28
"(43.5278476, -71.3728318)",549.08
"(43.52792733, -71.37272988)",547.37
"(43.52800705, -71.37262795)",545.77
"(43.52808677, -71.37252603)",543.42
"(43.5281665, -71.3724241)",541.52
"(43.52822095, -71.3723061)",540.28
"(43.5282754, -71.3721881)",539.34
"(43.5283532, -71.37216125)",537.56
"(43.528431, -71.3721344)",535.73
"(43.5285399, -71.3721237)",532.84
"(43.5286488, -71.372113)",529.62
"(43.52871297, -71.3720808)",527.94
"(43.52877715, -71.3720486)",526.28
"(43.52884133, -71.3720164)",524.34
"(43.5289055, -71.3719842)",522.60
"(43.5289684, -71.3719211)",521.17
"(43.5290313, -71.371858)",520.19
"(43.5290942, -71.3717949)",518.90
"(43.5291571, -71.3717318)",517.35
"(43.5292478, -71.3716409)",514.72
"(43.5293178, -71.3715792)",512.82
"(43.5293878, -71.3715175)",511.33
"(43.5294578, -71.3714558)",509.34
"(43.5295278, -71.3713941)",507.34
"(43.5296328, -71.37135655)",504.12
"(43.5297378, -71.371319)",501.08
"(43.5298428, -71.37128145)",497.46
"(43.5299478, -71.3712439)",494.02
"(43.53003533, -71.37121172)",491.30
"(43.53012285, -71.37117955)",488.47
"(43.53021037, -71.37114737)",485.37
"(43.5302979, -71.3711152)",482.85
"(43.53042625, -71.37115275)",479.26
"(43.5305546, -71.3711903)",475.11
"(43.53064988, -71.3712332)",471.76
"(43.53074515, -71.3712761)",467.96
"(43.53084043, -71.371319)",463.82
"(43.5309357, -71.3713619)",460.09
"(43.53104655, -71.37138605)",456.52
"(43.5311574, -71.3714102)",453.28
"(43.53126825, -71.37143435)",450.32
"(43.5313791, -71.3714585)",447.30
"(43.53145493, -71.3714585)",445.70
"(43.53153075, -71.3714585)",444.08
"(43.53160657, -71.3714585)",442.50
"(43.5316824, -71.3714585)",441.19
"(43.53178157, -71.3714263)",439.38
"(43.53188075, -71.3713941)",438.03
"(43.53197993, -71.3713619)",436.94
"(43.5320791, -71.3713297)",435.98
"(43.53216077, -71.37128947)",435.05
"(43.53224245, -71.37124925)",434.04
"(43.53232413, -71.37120903)",432.88
"(43.5324058, -71.3711688)",431.57
"(43.53250692, -71.37110713)",429.82
"(43.53260805, -71.37104545)",427.88
"(43.53270918, -71.37098377)",425.76
"(43.5328103, -71.3709221)",423.48
"(43.53289392, -71.37084698)",421.37
"(43.53297755, -71.37077185)",418.88
"(43.53306118, -71.37069673)",416.49
"(43.5331448, -71.3706216)",414.45
"(43.5332284, -71.37053578)",412.83
"(43.533312, -71.37044995)",411.37
"(43.5333956, -71.37036412)",409.79
"(43.5334792, -71.3702783)",408.12
"(43.53354143, -71.37020857)",406.69
"(43.53360365, -71.37013885)",405.13
"(43.53366587, -71.37006912)",403.55
"(43.5337281, -71.3699994)",401.84
"(43.53379615, -71.36994308)",399.92
"(43.5338642, -71.36988675)",398.00
"(43.53393225, -71.36983043)",395.75
"(43.5340003, -71.3697741)",393.66
"(43.5340742, -71.36974995)",391.42
"(43.5341481, -71.3697258)",389.23
"(43.534222, -71.36970165)",387.13
"(43.5342959, -71.3696775)",384.85
"(43.53437172, -71.36966677)",382.45
"(43.53444755, -71.36965605)",380.03
"(43.53452337, -71.36964532)",377.63
"(43.5345992, -71.3696346)",375.20
"(43.53466923, -71.3696185)",373.06
"(43.53473925, -71.3696024)",371.05
"(43.53480928, -71.3695863)",369.15
"(43.5348793, -71.3695702)",367.47
"(43.5350037, -71.36950045)",365.06
"(43.5351281, -71.3694307)",362.93
"(43.5352448, -71.3693449)",360.41
"(43.5353615, -71.3692591)",358.12
"(43.53547815, -71.3692269)",356.79
"(43.5355948, -71.3691947)",355.87
"(43.5356687, -71.36912765)",355.10
"(43.5357426, -71.3690606)",354.29
"(43.5358165, -71.36899355)",353.49
"(43.5358904, -71.3689265)",352.99
"(43.5358904, -71.3689265)",352.99
"(43.53596793, -71.36882835)",351.99
"(43.53604545, -71.3687302)",350.87
"(43.53612297, -71.36863205)",349.69
"(43.5362005, -71.3685339)",348.63
"(43.5362578, -71.3684614)",347.81
"(43.53634297, -71.368381)",347.05
"(43.53642815, -71.3683006)",346.69
"(43.53651333, -71.3682202)",345.74
"(43.5365985, -71.3681398)",345.38
"(43.53671905, -71.36805935)",344.02
"(43.5368396, -71.3679789)",341.56
"(43.53696015, -71.36789845)",338.41
"(43.5370807, -71.367818)",335.33
"(43.53715653, -71.36778983)",333.28
"(43.53723235, -71.36776165)",331.63
"(43.53730817, -71.36773347)",330.17
"(43.537384, -71.3677053)",329.10
"(43.5374608, -71.36765568)",327.88
"(43.5375376, -71.36760605)",326.52
"(43.5376144, -71.36755643)",325.35
"(43.5376912, -71.3675068)",324.29
"(43.5377787, -71.36741295)",322.63
"(43.5378662, -71.3673191)",320.97
"(43.5379393, -71.3671833)",319.27
"(43.5380134, -71.36704557)",317.93
"(43.5380875, -71.36690785)",317.27
"(43.5381616, -71.36677012)",316.39
"(43.5382357, -71.3666324)",315.19
"(43.53830375, -71.36653183)",314.35
"(43.5383718, -71.36643125)",313.75
"(43.53843985, -71.36633068)",313.21
"(43.5385079, -71.3662301)",312.69
"(43.53855924, -71.36615947)",312.36
"(43.53861057, -71.36608885)",311.63
"(43.53866191, -71.36601823)",311.16
"(43.53871325, -71.3659476)",310.31
"(43.53876459, -71.36587697)",309.51
"(43.53881593, -71.36580635)",308.93
"(43.53886726, -71.36573573)",308.11
"(43.5389186, -71.3656651)",307.14
"(43.5261462, -71.3787106)",682.04
"(43.5262232, -71.37864868)",681.57
"(43.5263002, -71.37858675)",681.27
"(43.5263772, -71.37852482)",680.10
"(43.5264542, -71.3784629)",677.14
"(43.52656195, -71.37845405)",674.05
"(43.5266697, -71.3784452)",671.46
"(43.52675185, -71.37838855)",669.31
"(43.526834, -71.3783319)",667.14
"(43.526891, -71.3782435)",665.43
"(43.52694545, -71.37817915)",663.94
"(43.5269999, -71.3781148)",662.39
"(43.5270738, -71.3779807)",660.08
"(43.527138, -71.3779056)",658.05
"(43.5272216, -71.3778787)",656.81
"(43.5273228, -71.3778761)",656.06
"(43.5274278, -71.3778144)",653.41
"(43.5275347, -71.3777205)",649.29
"(43.5275979, -71.37767355)",646.96
"(43.5276611, -71.3776266)",644.90
"(43.5277564, -71.3775971)",642.35
"(43.5278751, -71.3775971)",639.85
"(43.5279976, -71.3775435)",636.54
"(43.5280637, -71.37751265)",634.67
"(43.5281298, -71.3774818)",633.02
"(43.5281998, -71.3774456)",631.18
"(43.5282698, -71.3774094)",630.00
"(43.52833885, -71.37739595)",629.22
"(43.5284079, -71.3773825)",628.18
"(43.5284789, -71.37734765)",626.45
"(43.5285499, -71.3773128)",624.40
"(43.528651, -71.3772739)",621.30
"(43.5287521, -71.377235)",618.20
"(43.528879, -71.3771988)",614.47
"(43.5290059, -71.3771626)",610.87
"(43.5291328, -71.3771264)",607.59
"(43.5292597, -71.3770902)",603.81
"(43.5293491, -71.3770634)",600.38
"(43.5294658, -71.37703325)",595.43
"(43.5295825, -71.3770031)",590.80
"(43.5296992, -71.37697295)",586.89
"(43.5298159, -71.3769428)",583.06
"(43.52992578, -71.37692673)",580.74
"(43.53003565, -71.37691065)",579.30
"(43.53014553, -71.37689457)",577.12
"(43.5302554, -71.3768785)",573.36
"(43.53032638, -71.37688117)",571.83
"(43.53039735, -71.37688385)",570.53
"(43.53046833, -71.37688653)",569.02
"(43.5305393, -71.3768892)",567.42
"(43.5306521, -71.3768436)",564.34
"(43.5307649, -71.376798)",560.69
"(43.53087965, -71.37672825)",557.93
"(43.5309944, -71.3766585)",557.01
"(43.5310819, -71.37666655)",556.43
"(43.5311694, -71.3766746)",555.73
"(43.5312569, -71.37668265)",555.07
"(43.5313444, -71.3766907)",553.42
"(43.53144065, -71.37669607)",550.54
"(43.5315369, -71.37670145)",548.69
"(43.53163315, -71.37670682)",546.59
"(43.5317294, -71.3767122)",546.04
"(43.5318275, -71.3766788)",544.31
"(43.53195155, -71.3766365)",542.74
"(43.5320756, -71.3765942)",541.74
"(43.5321524, -71.37655263)",540.92
"(43.5322292, -71.37651105)",540.25
"(43.532306, -71.37646947)",538.84
"(43.5323828, -71.3764279)",537.24
"(43.53249073, -71.37638095)",534.99
"(43.53259865, -71.376334)",533.48
"(43.53270657, -71.37628705)",533.01
"(43.5328145, -71.3762401)",531.62
"(43.5329193, -71.3761905)",530.30
"(43.5329972, -71.3761536)",528.68
"(43.5330751, -71.3761167)",526.40
"(43.53316793, -71.37609538)",524.08
"(43.53326075, -71.37607405)",522.38
"(43.53335357, -71.37605272)",521.11
"(43.5334464, -71.3760314)",519.59
"(43.5334464, -71.3760314)",519.59
"(43.5334941, -71.3760982)",519.58
"(43.5335418, -71.376165)",519.77
"(43.53359235, -71.3762522)",519.90
"(43.5336429, -71.3763394)",520.04
"(43.5337207, -71.3764332)",519.50
"(43.53377805, -71.3764909)",518.72
"(43.5338354, -71.3765486)",517.99
"(43.5339365, -71.3765942)",517.13
"(43.5340532, -71.3765942)",516.58
"(43.5341387, -71.3765673)",516.45
"(43.53421455, -71.3765217)",516.12
"(43.5342904, -71.3764761)",515.38
"(43.5343565, -71.37643725)",514.31
"(43.5344226, -71.3763984)",513.30
"(43.5345296, -71.376393)",511.71
"(43.5346404, -71.376452)",510.03
"(43.5347357, -71.3765405)",507.79
"(43.534794, -71.3765888)",506.58
"(43.5348951, -71.3766424)",504.79
"(43.53496705, -71.3766612)",503.40
"(43.535039, -71.37668)",501.72
"(43.5351615, -71.3766317)",499.84
"(43.5351615, -71.3766317)",499.84
"(43.5352568, -71.3766049)",498.81
"(43.5353521, -71.3765781)",497.92
"(43.5354396, -71.37657945)",497.14
"(43.5355271, -71.3765808)",496.69
"(43.53561945, -71.37656335)",496.37
"(43.5357118, -71.3765459)",496.25
"(43.53582555, -71.37652575)",496.18
"(43.5359393, -71.3765056)",495.98
"(43.5360307, -71.37649625)",495.90
"(43.5361221, -71.3764869)",495.39
"(43.5361735, -71.3764766)",494.84
"(43.5362699, -71.3764574)",493.58
"(43.53637685, -71.37642115)",492.68
"(43.5364838, -71.3763849)",492.24
"(43.53658295, -71.37635743)",491.49
"(43.5366821, -71.37632995)",490.77
"(43.53678125, -71.37630248)",489.67
"(43.5368804, -71.376275)",487.91
"(43.5370101, -71.376316)",485.97
"(43.5371398, -71.376357)",483.43
"(43.53722919, -71.37638524)",481.56
"(43.53731858, -71.37641347)",480.16
"(43.53740796, -71.37644171)",479.26
"(43.53749735, -71.37646995)",478.73
"(43.53758674, -71.37649819)",478.13
"(43.53767612, -71.37652643)",477.17
"(43.53776551, -71.37655466)",475.86
"(43.5378549, -71.3765829)",474.26
"(43.53791695, -71.37662345)",473.38
"(43.537979, -71.376664)",472.65
"(43.5380879, -71.37673435)",470.25
"(43.5381968, -71.3768047)",468.24
"(43.5383057, -71.37687505)",467.00
"(43.5384146, -71.3769454)",465.41
"(43.5369254, -71.3762698)",487.17
"(43.5370209, -71.3762009)",485.59
"(43.5371346, -71.3761294)",483.66
"(43.5372483, -71.3760579)",481.67
"(43.53731245, -71.3759411)",479.76
"(43.5373766, -71.3758243)",477.16
"(43.53739583, -71.37572875)",475.51
"(43.53741505, -71.3756332)",473.65
"(43.53743427, -71.37553765)",471.71
"(43.5374535, -71.3754421)",470.01
"(43.5374689, -71.3752722)",466.38
"(43.5374843, -71.3751023)",463.35
"(43.5374843, -71.3749466)",460.98
"(43.5374843, -71.3747909)",458.27
"(43.5374381, -71.374667)",456.99
"(43.5373919, -71.3745431)",454.66
"(43.53735215, -71.37446703)",453.81
"(43.5373124, -71.37439095)",452.28
"(43.53727265, -71.37431487)",450.56
"(43.5372329, -71.3742388)",448.68
"(43.53722005, -71.374076)",445.61
"(43.5372072, -71.3739132)",443.60
"(43.53721235, -71.37373975)",441.27
"(43.5372175, -71.3735663)",439.25
"(43.53719955, -71.37339995)",437.65
"(43.5371816, -71.3732336)",435.20
"(43.5371277, -71.3730673)",432.55
"(43.5370738, -71.372901)",429.45
"(43.5370302, -71.3727488)",426.22
"(43.5369866, -71.3725966)",422.95
"(43.53696992, -71.3724975)",421.09
"(43.53695325, -71.3723984)",419.52
"(43.53693657, -71.3722993)",417.99
"(43.5369199, -71.3722002)",416.02
"(43.53687435, -71.37203125)",412.66
"(43.5368288, -71.3718623)",410.65
"(43.5374222, -71.3722554)",415.65
"(43.53734803, -71.37220626)",415.46
"(43.53727385, -71.37215713)",415.12
"(43.53719968, -71.37210799)",414.31
"(43.5371255, -71.37205885)",413.27
"(43.53705133, -71.37200971)",412.52
"(43.53697715, -71.37196058)",412.00
"(43.53690298, -71.37191144)",411.53
"(43.5368288, -71.3718623)",410.65
"(43.536764, -71.37181535)",410.05
"(43.5366992, -71.3717684)",408.96
"(43.5366309, -71.3716581)",406.92
"(43.53657525, -71.37156815)",405.81
"(43.5365196, -71.3714782)",404.77
"(43.5364837, -71.37136495)",403.34
"(43.5364478, -71.3712517)",401.02
"(43.53644265, -71.3711243)",398.89
"(43.5364375, -71.3709969)",396.26
"(43.53647085, -71.37085885)",393.18
"(43.5365042, -71.3707208)",390.39
"(43.53654015, -71.3706288)",388.29
"(43.5365761, -71.3705368)",386.34
"(43.53662997, -71.37044122)",384.37
"(43.53668385, -71.37034565)",382.78
"(43.53673773, -71.37025008)",381.40
"(43.5367916, -71.3701545)",380.29
"(43.53687505, -71.37005115)",378.89
"(43.5369585, -71.3699478)",377.77
"(43.53704195, -71.36984445)",376.25
"(43.5371254, -71.3697411)",373.86
"(43.5376092, -71.3701388)",379.60
"(43.5377336, -71.37012795)",377.99
"(43.537858, -71.3701171)",375.36
"(43.5379824, -71.37010625)",372.23
"(43.5381068, -71.3700954)",368.45
"(43.5381883, -71.37005842)",365.30
"(43.5382698, -71.37002145)",362.73
"(43.5383513, -71.36998447)",360.65
"(43.5384328, -71.3699475)",358.59
"(43.53850366, -71.36988422)",356.13
"(43.53857453, -71.36982095)",353.55
"(43.53864539, -71.36975767)",351.15
"(43.53871625, -71.3696944)",348.76
"(43.53878711, -71.36963113)",346.60
"(43.53885798, -71.36956785)",344.69
"(43.53892884, -71.36950458)",342.93
"(43.5389997, -71.3694413)",341.18
"(43.53907056, -71.36937803)",339.67
"(43.53914143, -71.36931475)",337.95
"(43.53921229, -71.36925147)",336.04
"(43.53928315, -71.3691882)",333.78
"(43.53935401, -71.36912492)",331.41
"(43.53942488, -71.36906165)",329.12
"(43.53949574, -71.36899837)",326.76
"(43.5395666, -71.3689351)",324.37
"(43.53958734, -71.36884484)",322.60
"(43.53960808, -71.36875457)",320.82
"(43.53962881, -71.36866431)",319.06
"(43.53964955, -71.36857405)",317.49
"(43.53967029, -71.36848379)",316.13
"(43.53969102, -71.36839353)",314.48
"(43.53971176, -71.36830326)",313.07
"(43.5397325, -71.368213)",311.96
"(43.5263852, -71.3782284)",673.49
"(43.5264552, -71.3781104)",671.51
"(43.5264816, -71.3780009)",671.00
"(43.5265096, -71.3778851)",669.66
"(43.5265563, -71.3777885)",667.89
"(43.526603, -71.3776919)",665.95
"(43.52669635, -71.3775578)",661.83
"(43.5267897, -71.3774237)",658.26
"(43.5268675, -71.377295)",653.85
"(43.5269686, -71.3773057)",652.01
"(43.5270697, -71.3772735)",648.91
"(43.5271708, -71.3772413)",646.35
"(43.5272525, -71.37719305)",644.23
"(43.5273342, -71.3771448)",641.67
"(43.5273906, -71.37708847)",639.57
"(43.527447, -71.37703215)",637.49
"(43.5275034, -71.37697582)",634.74
"(43.5275598, -71.3769195)",632.03
"(43.52764925, -71.37682295)",627.38
"(43.5277387, -71.3767264)",622.64
"(43.5277776, -71.376603)",618.02
"(43.5278165, -71.3764796)",613.78
"(43.5278593, -71.37639915)",610.84
"(43.5279021, -71.3763187)",607.49
"(43.5279993, -71.37624895)",603.63
"(43.5280965, -71.3761792)",599.71
"(43.52815485, -71.376088)",595.81
"(43.5282132, -71.3759968)",591.94
"(43.5282443, -71.37590025)",588.61
"(43.5282754, -71.3758037)",585.22
"(43.528326, -71.37566955)",580.24
"(43.5283766, -71.3755354)",575.33
"(43.52846215, -71.37542275)",569.31
"(43.5285477, -71.3753101)",563.36
"(43.5286566, -71.37521355)",557.28
"(43.5287655, -71.375117)",550.40
"(43.5288744, -71.3750473)",544.73
"(43.5289833, -71.3749776)",540.00
"(43.52904747, -71.37491857)",536.73
"(43.52911165, -71.37485955)",533.09
"(43.52917583, -71.37480052)",529.45
"(43.52924, -71.3747415)",525.39
"(43.529345, -71.37464495)",519.43
"(43.52945, -71.3745484)",514.70
"(43.5295589, -71.3745162)",512.84
"(43.5296678, -71.374484)",510.93
"(43.52976895, -71.37445185)",508.92
"(43.5298701, -71.3744197)",506.52
"(43.52991092, -71.37433922)",502.72
"(43.52995175, -71.37425875)",498.43
"(43.52999257, -71.37417827)",495.27
"(43.5300334, -71.3740978)",492.00
"(43.53009565, -71.3739798)",487.86
"(43.5301579, -71.3738618)",483.73
"(43.53024345, -71.37375985)",480.41
"(43.530329, -71.3736579)",477.16
"(43.53041065, -71.3735345)",473.23
"(43.5304923, -71.3734111)",468.89
"(43.530574, -71.3733092)",466.22
"(43.5306557, -71.3732073)",463.16
"(43.53077625, -71.3731644)",461.54
"(43.5308968, -71.3731215)",459.85
"(43.5309746, -71.3730893)",458.27
"(43.5310524, -71.3730571)",456.89
"(43.5311302, -71.3730249)",455.53
"(43.531208, -71.3729927)",454.20
"(43.53132075, -71.3729605)",452.96
"(43.5314335, -71.3729283)",450.49
"(43.53152685, -71.37289075)",447.96
"(43.5316202, -71.3728532)",445.71
"(43.53171355, -71.3727942)",442.63
"(43.5318069, -71.3727352)",439.87
"(43.53193135, -71.3726923)",437.73
"(43.5320558, -71.3726494)",434.92
"(43.53218415, -71.37263865)",433.63
"(43.5323125, -71.3726279)",432.17
"(43.53239805, -71.37257695)",430.72
"(43.5324836, -71.372526)",429.06
"(43.53256915, -71.37247505)",427.24
"(43.5326547, -71.3724241)",425.67
"(43.53273055, -71.37241873)",425.13
"(43.5328064, -71.37241335)",424.58
"(43.53288225, -71.37240798)",423.52
"(43.5329581, -71.3724026)",422.57
"(43.53305143, -71.372357)",420.84
"(43.53314475, -71.3723114)",419.11
"(43.53323807, -71.3722658)",417.50
"(43.5333314, -71.3722202)",415.83
"(43.5334442, -71.3721773)",413.85
"(43.533557, -71.3721344)",411.64
"(43.53362895, -71.37210758)",410.62
"(43.5337009, -71.37208075)",409.51
"(43.53377285, -71.37205392)",408.15
"(43.5338448, -71.3720271)",406.22
"(43.53390897, -71.3719681)",404.11
"(43.53397315, -71.3719091)",402.13
"(43.53403732, -71.3718501)",400.55
"(43.5341015, -71.3717911)",399.56
"(43.53418315, -71.37172673)",398.45
"(43.5342648, -71.37166235)",397.46
"(43.53434645, -71.37159798)",397.10
"(43.5344281, -71.3715336)",396.70
"(43.534502, -71.37147728)",396.43
"(43.5345759, -71.37142095)",395.86
"(43.5346498, -71.37136462)",395.09
"(43.5347237, -71.3713083)",394.20
"(43.5347801, -71.37123855)",392.97
"(43.5348365, -71.3711688)",391.23
"(43.5348929, -71.37109905)",389.36
"(43.5349493, -71.3710293)",387.01
"(43.53499595, -71.37095153)",385.15
"(43.5350426, -71.37087375)",383.34
"(43.53508925, -71.37079597)",382.51
"(43.5351359, -71.3707182)",380.24
"(43.53520309, -71.37066899)",380.00
"(43.53527029, -71.37061979)",378.32
"(43.53533748, -71.37057058)",377.03
"(43.53540468, -71.37052137)",376.28
"(43.53547187, -71.37047217)",376.46
"(43.53553906, -71.37042296)",375.82
"(43.53560626, -71.37037376)",375.40
"(43.53567345, -71.37032455)",374.97
"(43.53574064, -71.37027534)",374.72
"(43.53580784, -71.37022614)",374.18
"(43.53587503, -71.37017693)",373.80
"(43.53594222, -71.37012773)",373.65
"(43.53600942, -71.37007852)",372.80
"(43.53607661, -71.37002931)",371.73
"(43.53614381, -71.36998011)",370.94
"(43.536211, -71.3699309)",370.26
"(43.5336581, -71.36206)",413.84
"(43.53375282, -71.36204241)",412.79
"(43.53384755, -71.36202482)",410.85
"(43.53394228, -71.36200724)",409.36
"(43.534037, -71.36198965)",407.70
"(43.53413172, -71.36197206)",405.59
"(43.53422645, -71.36195448)",403.36
"(43.53432118, -71.36193689)",401.62
"(43.5344159, -71.3619193)",399.43
"(43.53449929, -71.36190867)",397.29
"(43.53458267, -71.36189805)",394.19
"(43.53466606, -71.36188743)",391.35
"(43.53474945, -71.3618768)",388.28
"(43.53483284, -71.36186618)",385.78
"(43.53491623, -71.36185555)",383.26
"(43.53499961, -71.36184492)",380.37
"(43.535083, -71.3618343)",377.99
"(43.53517858, -71.36183872)",376.06
"(43.53527415, -71.36184315)",373.63
"(43.53536972, -71.36184757)",370.70
"(43.5354653, -71.361852)",367.46
"(43.53556088, -71.36185642)",364.08
"(43.53565645, -71.36186085)",360.33
"(43.53575202, -71.36186527)",356.36
"(43.5358476, -71.3618697)",352.40
"(43.53595406, -71.3618841)",349.72
"(43.53606052, -71.3618985)",347.03
"(43.53616699, -71.3619129)",343.37
"(43.53627345, -71.3619273)",341.05
"(43.53637991, -71.3619417)",338.82
"(43.53648637, -71.3619561)",337.29
"(43.53659284, -71.3619705)",334.96
"(43.5366993, -71.3619849)",333.52
"(43.5328065, -71.3668728)",444.45
"(43.53289505, -71.36699935)",441.29
"(43.5329836, -71.3671259)",436.86
"(43.53307215, -71.36725245)",433.05
"(43.5331607, -71.367379)",428.57
"(43.5332226, -71.36746335)",425.66
"(43.5332845, -71.3675477)",423.91
"(43.5333464, -71.36763205)",422.00
"(43.5334083, -71.3677164)",419.99
"(43.5334702, -71.36780075)",418.09
"(43.5335321, -71.3678851)",415.63
"(43.533594, -71.36796945)",413.10
"(43.5336559, -71.3680538)",409.64
"(43.53375571, -71.36810491)",406.27
"(43.53385552, -71.36815602)",404.28
"(43.53395534, -71.36820714)",402.38
"(43.53405515, -71.36825825)",400.11
"(43.53415496, -71.36830936)",396.65
"(43.53425478, -71.36836048)",393.07
"(43.53435459, -71.36841159)",389.55
"(43.5344544, -71.3684627)",386.20
"(43.525615, -71.3752136)",630.68
"(43.52569958, -71.3752343)",630.17
"(43.52578415, -71.375255)",629.51
"(43.52586872, -71.3752757)",628.10
"(43.5259533, -71.3752964)",626.63
"(43.52608005, -71.3752801)",623.69
"(43.5262068, -71.3752638)",621.12
"(43.52629525, -71.37517435)",617.82
"(43.5263837, -71.3750849)",614.11
"(43.52641612, -71.37498835)",612.16
"(43.52644855, -71.3748918)",609.90
"(43.52648097, -71.37479525)",607.40
"(43.5265134, -71.3746987)",605.05
"(43.52654582, -71.37460215)",602.27
"(43.52657825, -71.3745056)",599.50
"(43.52661068, -71.37440905)",596.66
"(43.5266431, -71.3743125)",594.29
"(43.52667845, -71.37420478)",592.13
"(43.5267138, -71.37409705)",590.43
"(43.52674915, -71.37398932)",588.43
"(43.5267845, -71.3738816)",586.59
"(43.52678745, -71.37371895)",585.27
"(43.5267904, -71.3735563)",583.22
"(43.52677252, -71.37345645)",582.11
"(43.52675465, -71.3733566)",581.00
"(43.52673678, -71.37325675)",579.51
"(43.5267189, -71.3731569)",577.97
"(43.5356982, -71.3756339)",507.74
"(43.53578145, -71.37559315)",508.62
"(43.5358647, -71.3755524)",509.19
"(43.53594795, -71.37551165)",510.44
"(43.5360312, -71.3754709)",509.60
"(43.53611445, -71.37543015)",508.14
"(43.5361977, -71.3753894)",506.70
"(43.53628095, -71.37534865)",504.61
"(43.5363642, -71.3753079)",501.44
"(43.53640997, -71.37523174)",498.04
"(43.53645575, -71.37515557)",495.22
"(43.53650153, -71.37507941)",492.13
"(43.5365473, -71.37500325)",488.04
"(43.53659307, -71.37492709)",483.43
"(43.53663885, -71.37485093)",478.66
"(43.53668463, -71.37477476)",474.32
"(43.5367304, -71.3746986)",469.99
"(43.5367654, -71.37452695)",462.59
"(43.5368004, -71.3743553)",457.67
"(43.53685482, -71.374248)",455.30
"(43.53690925, -71.3741407)",452.39
"(43.53696367, -71.3740334)",448.56
"(43.5370181, -71.3739261)",446.03
"(43.53706795, -71.37383615)",443.93
"(43.5371178, -71.3737462)",442.21
"(43.53716765, -71.37365625)",440.36
"(43.5372175, -71.3735663)",439.25
"(43.5372175, -71.3735663)",439.25
"(43.53728007, -71.37349996)",438.58
"(43.53734265, -71.37343362)",437.52
"(43.53740523, -71.37336729)",435.87
"(43.5374678, -71.37330095)",434.09
"(43.53753038, -71.37323461)",432.36
"(43.53759295, -71.37316827)",430.31
"(43.53765553, -71.37310194)",427.93
"(43.5377181, -71.3730356)",425.49
"(43.5377881, -71.37291222)",421.99
"(43.5378581, -71.37278885)",418.62
"(43.5379281, -71.37266548)",414.87
"(43.5379981, -71.3725421)",411.36
"(43.53802515, -71.37245258)",408.97
"(43.5380522, -71.37236305)",406.88
"(43.53807925, -71.37227352)",405.42
"(43.5381063, -71.372184)",404.28
"(43.5381537, -71.3720271)",403.02
"(43.5382412, -71.37194665)",401.59
"(43.5383287, -71.3718662)",398.73
"(43.5384162, -71.37178575)",394.75
"(43.5385037, -71.3717053)",390.46
"(43.5386009, -71.37163555)",385.78
"(43.5386981, -71.3715658)",380.83
"(43.5387953, -71.37149605)",375.79
"(43.5388925, -71.3714263)",370.80
"(43.53895375, -71.37136327)",368.24
"(43.539015, -71.37130025)",366.87
"(43.53907625, -71.37123722)",364.47
"(43.5391375, -71.3711742)",361.55
"(43.53919875, -71.37111118)",358.54
"(43.53926, -71.37104815)",356.11
"(43.53932125, -71.37098513)",353.90
"(43.5393825, -71.3709221)",351.52
"(43.5394486, -71.37085502)",348.77
"(43.5395147, -71.37078795)",345.24
"(43.5395808, -71.37072087)",341.46
"(43.5396469, -71.3706538)",338.71
"(43.53971592, -71.3705948)",336.57
"(43.53978495, -71.3705358)",334.57
"(43.53985397, -71.3704768)",332.67
"(43.539923, -71.3704178)",330.92
"(43.53999203, -71.3703588)",328.64
"(43.54006105, -71.3702998)",325.69
"(43.54013008, -71.3702408)",322.77
"(43.5401991, -71.3701818)",320.41
"(43.54028855, -71.37008522)",317.83
"(43.540378, -71.36998865)",315.23
"(43.54046745, -71.36989207)",311.94
"(43.5405569, -71.3697955)",308.97
"(43.54063272, -71.36971505)",306.50
"(43.54070855, -71.3696346)",304.44
"(43.54078438, -71.36955415)",302.52
"(43.5408602, -71.3694737)",300.37
"(43.54092825, -71.36939055)",298.26
"(43.5409963, -71.3693074)",296.63
"(43.54106435, -71.36922425)",295.76
"(43.5411324, -71.3691411)",295.02
"(43.54125295, -71.3690606)",294.11
"(43.5413735, -71.3689801)",293.20
"(43.5361843, -71.3760926)",498.23
"(43.53627977, -71.37601089)",498.61
"(43.53637525, -71.37592918)",499.49
"(43.53647073, -71.37584746)",500.57
"(43.5365662, -71.37576575)",500.66
"(43.53666167, -71.37568404)",499.53
"(43.53675715, -71.37560233)",495.81
"(43.53685262, -71.37552061)",490.30
"(43.5369481, -71.3754389)",483.99
"(43.53701422, -71.37533698)",479.68
"(43.53708035, -71.37523505)",475.52
"(43.53714648, -71.37513312)",470.92
"(43.5372126, -71.3750312)",466.90
"(43.5372787, -71.3749883)",464.89
"(43.5373448, -71.3749454)",462.91
"(43.53742452, -71.3748998)",460.94
"(43.53750425, -71.3748542)",459.13
"(43.53758398, -71.3748086)",456.93
"(43.5376637, -71.374763)",453.98
"(43.5374535, -71.3754421)",470.01
"(43.53750617, -71.37534783)",466.86
"(43.53755885, -71.37525355)",464.22
"(43.53761153, -71.37515928)",461.28
"(43.5376642, -71.375065)",458.22
"(43.53769903, -71.37495523)",455.57
"(43.53773385, -71.37484545)",452.73
"(43.53776868, -71.37473568)",450.42
"(43.5378035, -71.3746259)",447.68
"(43.541452, -71.3682464)",292.09
"(43.5414223, -71.368241)",292.15
"(43.5413912, -71.3682095)",292.08
"(43.5413761, -71.3681746)",291.99
"(43.5413727, -71.3681149)",291.74
"(43.5413786, -71.3680492)",291.39
"(43.5413878, -71.3679768)",290.90
"(43.541398, -71.3678863)",290.34
"(43.5414107, -71.3678259)",290.07
"(43.5414243, -71.3677843)",289.88
"(43.5414418, -71.3677649)",289.74
"(43.5414777, -71.3677314)",289.49
"(43.5433312, -71.371556)",331.97
"(43.54328575, -71.3714817)",331.38
"(43.5432403, -71.3714074)",328.35
"(43.54319485, -71.3713331)",324.62
"(43.5431494, -71.3712588)",322.34
"(43.54310395, -71.3711845)",320.16
"(43.5430585, -71.3711102)",318.75
"(43.54301305, -71.3710359)",316.68
"(43.5429676, -71.3709616)",315.38
"(43.54292215, -71.3708873)",314.95
"(43.5428767, -71.370813)",313.85
"(43.54283125, -71.3707387)",312.70
"(43.5427858, -71.3706644)",311.68
"(43.54274035, -71.3705901)",310.02
"(43.5426949, -71.3705158)",308.83
"(43.54264945, -71.3704415)",307.98
"(43.542604, -71.3703672)",307.15
"(43.5434134, -71.3707773)",326.97
"(43.54332652, -71.37069787)",324.18
"(43.54323965, -71.37061845)",321.48
"(43.54315278, -71.37053902)",317.94
"(43.5430659, -71.3704596)",315.26
"(43.5430024, -71.37040785)",313.81
"(43.5429389, -71.3703561)",312.15
"(43.5428269, -71.3702648)",308.99
"(43.54276117, -71.37021067)",307.70
"(43.54269545, -71.37015655)",306.09
"(43.54262972, -71.37010242)",304.47
"(43.542564, -71.3700483)",303.53
"(43.5433895, -71.3702742)",320.07
"(43.54327685, -71.37029467)",318.84
"(43.5431642, -71.37031515)",316.85
"(43.54305155, -71.37033562)",314.52
"(43.5429389, -71.3703561)",312.15
"(43.526813, -71.3757608)",616.01
"(43.52688291, -71.37568146)",611.26
"(43.52695281, -71.37560213)",607.31
"(43.52702272, -71.37552279)",603.24
"(43.52709262, -71.37544345)",599.33
"(43.52716253, -71.37536411)",594.69
"(43.52723244, -71.37528477)",590.12
"(43.52730234, -71.37520544)",585.85
"(43.52737225, -71.3751261)",581.69
"(43.52744216, -71.37504676)",577.85
"(43.52751206, -71.37496742)",573.95
"(43.52758197, -71.37488809)",570.02
"(43.52765188, -71.37480875)",566.26
"(43.52772178, -71.37472941)",562.22
"(43.52779169, -71.37465008)",557.97
"(43.52786159, -71.37457074)",553.11
"(43.5279315, -71.3744914)",549.15
"(43.52800695, -71.3743867)",544.92
"(43.5280824, -71.374282)",540.99
"(43.52815785, -71.3741773)",537.51
"(43.5282333, -71.3740726)",534.08
"(43.5282966, -71.37401841)",531.84
"(43.5283599, -71.37396423)",530.26
"(43.5284232, -71.37391004)",528.43
"(43.5284865, -71.37385585)",526.15
"(43.5285498, -71.37380166)",524.10
"(43.5286131, -71.37374748)",522.65
"(43.5286764, -71.37369329)",521.43
"(43.5287397, -71.3736391)",519.78
"(43.52881131, -71.37352694)",516.76
"(43.52888293, -71.37341478)",514.66
"(43.52895454, -71.37330261)",512.62
"(43.52902615, -71.37319045)",511.28
"(43.52909776, -71.37307829)",508.18
"(43.52916937, -71.37296613)",505.37
"(43.52924099, -71.37285396)",503.43
"(43.5293126, -71.3727418)",502.21
"(43.52938057, -71.37266143)",500.88
"(43.52944855, -71.37258105)",498.68
"(43.52951652, -71.37250067)",496.88
"(43.5295845, -71.3724203)",495.54
"(43.52968039, -71.37239854)",492.12
"(43.52977628, -71.37237677)",488.61
"(43.52987216, -71.37235501)",485.37
"(43.52996805, -71.37233325)",482.06
"(43.53006394, -71.37231149)",478.81
"(43.53015982, -71.37228973)",473.96
"(43.53025571, -71.37226796)",469.37
"(43.5303516, -71.3722462)",465.90
"(43.53044506, -71.37220938)",463.37
"(43.53053853, -71.37217255)",460.82
"(43.53063199, -71.37213572)",459.05
"(43.53072545, -71.3720989)",457.32
"(43.53081891, -71.37206208)",454.63
"(43.53091237, -71.37202525)",452.02
"(43.53100584, -71.37198843)",449.08
"(43.5310993, -71.3719516)",446.42
"(43.53117219, -71.37188996)",445.83
"(43.53124508, -71.37182832)",445.47
"(43.53131796, -71.37176669)",444.47
"(43.53139085, -71.37170505)",444.16
"(43.53146374, -71.37164341)",444.24
"(43.53153663, -71.37158178)",443.64
"(43.53160951, -71.37152014)",442.45
"(43.5316824, -71.3714585)",441.19
"(43.5273653, -71.3732073)",558.63
"(43.52741208, -71.37327801)",558.53
"(43.52745885, -71.37334872)",558.15
"(43.52750563, -71.37341944)",555.26
"(43.5275524, -71.37349015)",553.02
"(43.52759918, -71.37356086)",551.58
"(43.52764595, -71.37363158)",550.19
"(43.52769273, -71.37370229)",549.73
"(43.5277395, -71.373773)",549.26
"(43.5278339, -71.3738187)",547.03
"(43.5279283, -71.3738644)",542.63
"(43.52800455, -71.37391645)",540.10
"(43.5280808, -71.3739685)",537.25
"(43.52815705, -71.37402055)",535.05
"(43.5282333, -71.3740726)",534.08
"(43.5269259, -71.3728215)",566.82
"(43.52700323, -71.37285943)",565.56
"(43.52708055, -71.37289735)",563.84
"(43.52715788, -71.37293528)",562.04
"(43.5272352, -71.3729732)",560.42
"(43.52730025, -71.37309025)",559.47
"(43.5273653, -71.3732073)",558.63
"(43.536211, -71.3699309)",370.26
"(43.53618902, -71.36981422)",368.39
"(43.53616705, -71.36969755)",365.50
"(43.53614508, -71.36958087)",363.18
"(43.5361231, -71.3694642)",361.20
"(43.53612043, -71.3693223)",358.98
"(43.53611775, -71.3691804)",356.91
"(43.53611507, -71.3690385)",354.93
"(43.5361124, -71.3688966)",352.83
"(43.53613443, -71.36880593)",351.72
"(43.53615645, -71.36871525)",350.51
"(43.53617847, -71.36862458)",349.49
"(43.5362005, -71.3685339)",348.63
"(43.5371254, -71.3697411)",373.86
"(43.5371456, -71.36964485)",372.77
"(43.5371658, -71.3695486)",371.67
"(43.5371445, -71.3694199)",369.42
"(43.53712015, -71.3693327)",367.33
"(43.5370958, -71.3692455)",365.28
"(43.5370472, -71.3690873)",361.83
"(43.5370492, -71.3689263)",358.99
"(43.5370604, -71.3688394)",357.68
